frame,person,x,y
16,1,0.6632,0.8077
17,1,0.6632,0.8077
18,1,0.7732,0.7844
19,1,0.8834,0.7100
55,1,0.9434,0.6305
56,1,0.9434,0.6305
57,1,0.8771,0.5869
58,1,0.9148,0.7491
59,1,0.9148,0.7491
60,1,0.3480,0.8117
60,2,0.8476,0.7098
61,1,0.3698,0.6675
61,2,0.7948,0.6648
62,1,0.3698,0.6675
62,2,0.7948,0.6648
63,1,0.3698,0.6675
63,2,0.7948,0.6648
64,1,0.3873,0.5794
65,1,0.3873,0.5794
66,1,0.3784,0.5353
66,2,0.6802,0.5112
67,1,0.3853,0.5094
67,2,0.6168,0.5348
67,3,0.6943,0.4959
67,4,0.0371,0.5062
68,1,0.3853,0.5094
68,2,0.6168,0.5348
68,3,0.6943,0.4959
68,4,0.0371,0.5062
69,1,0.0574,0.4909
69,2,0.3725,0.4824
69,3,0.7023,0.4956
69,4,0.5800,0.5399
70,1,0.5438,0.5504
70,2,0.6964,0.4941
70,3,0.3772,0.4703
70,4,0.0651,0.4749
71,1,0.5438,0.5504
71,2,0.6964,0.4941
71,3,0.3772,0.4703
71,4,0.0651,0.4749
72,1,0.4965,0.5436
72,2,0.3684,0.4512
72,3,0.6868,0.4912
72,4,0.0667,0.4753
73,1,0.4965,0.5436
73,2,0.3684,0.4512
73,3,0.6868,0.4912
73,4,0.0667,0.4753
74,1,0.6904,0.4908
74,2,0.4655,0.5556
74,3,0.0687,0.4772
75,1,0.3996,0.5521
75,2,0.6935,0.4864
75,3,0.0696,0.4790
76,1,0.6945,0.4876
76,2,0.0689,0.4783
77,1,0.6945,0.4876
77,2,0.0689,0.4783
78,1,0.6945,0.4876
78,2,0.0689,0.4783
79,1,0.3175,0.5870
79,2,0.6956,0.4860
79,3,0.0670,0.4768
80,1,0.3060,0.6177
80,2,0.6943,0.4870
80,3,0.0656,0.4769
81,1,0.2606,0.6211
81,2,0.6932,0.4872
81,3,0.0669,0.4802
82,1,0.1077,0.4910
82,2,0.2685,0.6228
82,3,0.6903,0.4848
83,1,0.1077,0.4910
83,2,0.2685,0.6228
83,3,0.6903,0.4848
84,1,0.1077,0.4910
84,2,0.2685,0.6228
84,3,0.6903,0.4848
85,1,0.2775,0.6279
85,2,0.1653,0.4926
85,3,0.6888,0.4849
86,1,0.2617,0.6041
86,2,0.6905,0.4851
87,1,0.2782,0.6083
87,2,0.6931,0.4866
88,1,0.2782,0.6083
88,2,0.6931,0.4866
89,1,0.2782,0.6083
89,2,0.6931,0.4866
90,1,0.2307,0.6170
90,2,0.6923,0.4852
91,1,0.2307,0.6170
91,2,0.6923,0.4852
92,1,0.1753,0.5885
92,2,0.6915,0.4868
93,1,0.1281,0.5687
93,2,0.6912,0.4880
93,3,0.4496,0.5007
94,1,0.5024,0.5088
94,2,0.1357,0.5234
94,3,0.6912,0.4859
95,1,0.5499,0.5265
95,2,0.1629,0.5013
95,3,0.6931,0.4877
96,1,0.5499,0.5265
96,2,0.1629,0.5013
96,3,0.6931,0.4877
97,1,0.2081,0.4818
97,2,0.6212,0.5319
97,3,0.6912,0.4942
98,1,0.6906,0.5110
98,2,0.2375,0.4621
99,1,0.7537,0.5671
99,2,0.2703,0.4442
100,1,0.7537,0.5671
100,2,0.2703,0.4442
101,1,0.8263,0.5878
101,2,0.6783,0.4987
101,3,0.3000,0.4405
102,1,0.6459,0.4953
102,2,0.8938,0.5998
103,1,0.9559,0.6120
103,2,0.3530,0.4322
103,3,0.6072,0.5102
104,1,0.9559,0.6120
104,2,0.3530,0.4322
104,3,0.6072,0.5102
105,1,0.5619,0.5212
105,2,0.3521,0.4327
106,1,0.5123,0.5408
106,2,0.3558,0.4357
107,1,0.4351,0.5486
108,1,0.3628,0.5755
109,1,0.2656,0.6084
110,1,0.2015,0.6205
110,2,0.4914,0.4464
111,1,0.2007,0.6409
112,1,0.2007,0.6409
113,1,0.1988,0.6427
113,2,0.5737,0.4624
114,1,0.1927,0.6428
114,2,0.6008,0.4709
114,3,0.9531,0.6269
115,1,0.1903,0.6443
115,2,0.9124,0.6114
115,3,0.6206,0.4831
116,1,0.1903,0.6443
116,2,0.9124,0.6114
116,3,0.6206,0.4831
117,1,0.1936,0.6454
117,2,0.8404,0.5857
117,3,0.6215,0.4746
118,1,0.1935,0.6450
118,2,0.7963,0.5800
118,3,0.6215,0.4743
119,1,0.1935,0.6450
119,2,0.7963,0.5800
119,3,0.6215,0.4743
120,1,0.1954,0.6396
120,2,0.7373,0.5625
120,3,0.6161,0.4767
120,4,0.0490,0.4873
121,1,0.1954,0.6396
121,2,0.7373,0.5625
121,3,0.6161,0.4767
121,4,0.0490,0.4873
122,1,0.2032,0.6448
122,2,0.6302,0.5048
123,1,0.2032,0.6448
123,2,0.6302,0.5048
124,1,0.6804,0.4954
124,2,0.2682,0.6371
124,3,0.5370,0.4972
125,1,0.6804,0.4954
125,2,0.2682,0.6371
125,3,0.5370,0.4972
126,1,0.7480,0.5260
126,2,0.1956,0.4548
127,1,0.7850,0.5533
127,2,0.4948,0.5655
127,3,0.1959,0.4531
128,1,0.5656,0.5608
128,2,0.8382,0.5693
128,3,0.1955,0.4536
129,1,0.5656,0.5608
129,2,0.8382,0.5693
129,3,0.1955,0.4536
130,1,0.6235,0.5471
130,2,0.1958,0.4545
130,3,0.8795,0.5897
130,4,0.3922,0.4426
131,1,0.9213,0.6005
131,2,0.6820,0.5369
131,3,0.1946,0.4538
131,4,0.3664,0.4440
132,1,0.9213,0.6005
132,2,0.6820,0.5369
132,3,0.1946,0.4538
132,4,0.3664,0.4440
133,1,0.9260,0.6092
133,2,0.7274,0.5050
133,3,0.1932,0.4577
134,1,0.9257,0.6077
134,2,0.1960,0.4553
134,3,0.7203,0.4921
135,1,0.9257,0.6091
135,2,0.7153,0.4875
135,3,0.1959,0.4535
135,4,0.2777,0.4391
136,1,0.9245,0.6073
136,2,0.7337,0.4773
137,1,0.9241,0.6087
137,2,0.7247,0.4799
138,1,0.9241,0.6087
138,2,0.7247,0.4799
139,1,0.9244,0.6117
140,1,0.9237,0.6112
140,2,0.7053,0.4932
141,1,0.9231,0.6134
141,2,0.7080,0.4973
142,1,0.7085,0.5004
142,2,0.9231,0.6130
143,1,0.9100,0.6084
144,1,0.9100,0.6084
145,1,0.8903,0.6048
145,2,0.7095,0.4957
146,1,0.8606,0.6090
146,2,0.6914,0.4734
147,1,0.8606,0.6090
147,2,0.6914,0.4734
148,1,0.7150,0.5886
148,2,0.4428,0.4831
148,3,0.1532,0.4417
149,1,0.7150,0.5886
149,2,0.4428,0.4831
149,3,0.1532,0.4417
150,1,0.5334,0.5564
150,2,0.0799,0.4480
150,3,0.6392,0.5076
151,1,0.4551,0.5364
151,2,0.7185,0.5220
151,3,0.0441,0.4527
152,1,0.4051,0.5143
152,2,0.7846,0.5299
153,1,0.3674,0.4881
153,2,0.8023,0.5312
154,1,0.3359,0.4681
154,2,0.8070,0.5206
155,1,0.3359,0.4681
155,2,0.8070,0.5206
156,1,0.2991,0.4473
156,2,0.8857,0.5292
157,1,0.3144,0.4406
157,2,0.8793,0.5265
158,1,0.3142,0.4369
159,1,0.8784,0.5427
159,2,0.0220,0.5151
159,3,0.3100,0.4347
160,1,0.0421,0.5259
160,2,0.3108,0.4401
160,3,0.8967,0.5271
161,1,0.0888,0.5253
161,2,0.3065,0.4450
161,3,0.8856,0.5290
162,1,0.1330,0.5323
162,2,0.8848,0.5279
162,3,0.2883,0.4388
163,1,0.1818,0.5198
163,2,0.8837,0.5309
163,3,0.2770,0.4283
164,1,0.1818,0.5198
164,2,0.8837,0.5309
164,3,0.2770,0.4283
165,1,0.1818,0.5198
165,2,0.8837,0.5309
165,3,0.2770,0.4283
166,1,0.8844,0.5323
166,2,0.2618,0.4992
167,1,0.8859,0.5342
167,2,0.3165,0.4967
168,1,0.8859,0.5342
168,2,0.3165,0.4967
169,1,0.8856,0.5349
169,2,0.3344,0.4919
169,3,0.2685,0.4298
170,1,0.8856,0.5349
170,2,0.3344,0.4919
170,3,0.2685,0.4298
171,1,0.3232,0.4899
171,2,0.8860,0.5341
172,1,0.8851,0.5333
172,2,0.3374,0.4973
173,1,0.3546,0.4980
173,2,0.8840,0.5319
174,1,0.3591,0.4974
174,2,0.8842,0.5334
175,1,0.3591,0.4974
175,2,0.8842,0.5334
176,1,0.3571,0.4981
176,2,0.8847,0.5338
177,1,0.8835,0.5343
177,2,0.3495,0.5007
178,1,0.8835,0.5343
178,2,0.3495,0.5007
179,1,0.8846,0.5331
180,1,0.2782,0.4576
180,2,0.8853,0.5335
181,1,0.1490,0.5281
181,2,0.8845,0.5328
182,1,0.1490,0.5281
182,2,0.8845,0.5328
183,1,0.2615,0.4147
183,2,0.8849,0.5365
184,1,0.8844,0.5350
184,2,0.2644,0.4175
185,1,0.8844,0.5350
185,2,0.2644,0.4175
186,1,0.8885,0.5350
186,2,0.2511,0.4171
187,1,0.2332,0.4194
187,2,0.8874,0.5340
188,1,0.2265,0.4158
188,2,0.8858,0.5335
189,1,0.8825,0.5343
190,1,0.8830,0.5341
190,2,0.2329,0.4137
191,1,0.8870,0.5334
191,2,0.2313,0.4144
192,1,0.8916,0.5335
192,2,0.2314,0.4158
193,1,0.2289,0.4135
193,2,0.8901,0.5357
194,1,0.2265,0.4154
194,2,0.8911,0.5362
195,1,0.2256,0.4151
195,2,0.8867,0.5344
196,1,0.2255,0.4156
197,1,0.2262,0.4161
198,1,0.2262,0.4161
199,1,0.2262,0.4161
200,1,0.2297,0.4180
201,1,0.2296,0.4186
202,1,0.8459,0.7156
203,1,0.2298,0.4252
203,2,0.8331,0.7334
204,1,0.2298,0.4252
204,2,0.8331,0.7334
205,1,0.8298,0.7245
205,2,0.2297,0.4148
206,1,0.8298,0.7245
206,2,0.2297,0.4148
207,1,0.2276,0.4167
208,1,0.2271,0.4161
209,1,0.2271,0.4161
210,1,0.2273,0.4165
211,1,0.2273,0.4166
212,1,0.2272,0.4177
213,1,0.2267,0.4172
213,2,0.8306,0.7213
214,1,0.2271,0.4169
215,1,0.2271,0.4169
216,1,0.2288,0.4154
217,1,0.2288,0.4154
218,1,0.2274,0.4180
219,1,0.2274,0.4180
220,1,0.2283,0.4167
221,1,0.2296,0.4158
222,1,0.2296,0.4158
223,1,0.2307,0.4170
223,2,0.8367,0.7261
224,1,0.2307,0.4170
224,2,0.8367,0.7261
225,1,0.8410,0.7272
226,1,0.8416,0.7280
227,1,0.8417,0.7281
228,1,0.8417,0.7281
229,1,0.8415,0.7277
230,1,0.8419,0.7290
231,1,0.8419,0.7290
232,1,0.3004,0.7880
232,2,0.8417,0.7267
233,1,0.3004,0.7880
233,2,0.8417,0.7267
234,1,0.8406,0.7231
235,1,0.8406,0.7231
236,1,0.3077,0.7876
236,2,0.8410,0.7278
237,1,0.3077,0.7876
237,2,0.8410,0.7278
238,1,0.3057,0.7880
238,2,0.8399,0.7329
239,1,0.3057,0.7880
239,2,0.8399,0.7329
240,1,0.8383,0.7324
240,2,0.3067,0.7892
241,1,0.8397,0.7305
241,2,0.2956,0.7786
242,1,0.8392,0.7345
242,2,0.2847,0.7608
243,1,0.8391,0.7353
243,2,0.2983,0.7977
244,1,0.8393,0.7314
245,1,0.8385,0.7343
246,1,0.8407,0.7319
247,1,0.8407,0.7319
248,1,0.8365,0.7392
321,1,0.2723,0.6365
322,1,0.2711,0.6346
322,2,0.8217,0.8305
323,1,0.2711,0.6346
323,2,0.8217,0.8305
324,1,0.2733,0.6404
325,1,0.2737,0.6377
325,2,0.8007,0.8237
326,1,0.2707,0.6350
329,1,0.2703,0.6328
330,1,0.2690,0.6346
331,1,0.2688,0.6329
332,1,0.2692,0.6326
333,1,0.2689,0.6323
334,1,0.2683,0.6329
335,1,0.2686,0.6322
336,1,0.2702,0.6342
337,1,0.2693,0.6347
338,1,0.2693,0.6347
339,1,0.2709,0.6332
340,1,0.2709,0.6332
341,1,0.2687,0.6343
342,1,0.2700,0.6318
343,1,0.2727,0.6054
344,1,0.2740,0.6335
345,1,0.2735,0.6330
346,1,0.2756,0.6392
347,1,0.2775,0.6376
348,1,0.2766,0.6372
349,1,0.2714,0.6287
350,1,0.2705,0.6303
351,1,0.2703,0.6279
352,1,0.2751,0.6339
353,1,0.2744,0.6359
354,1,0.2756,0.6381
355,1,0.2702,0.6400
356,1,0.2702,0.6400
359,1,0.2750,0.6375
360,1,0.2744,0.6373
361,1,0.8072,0.8287
362,1,0.8072,0.8287
363,1,0.8072,0.8287
367,1,0.2738,0.6381
369,1,0.2749,0.6393
370,1,0.2731,0.6347
371,1,0.2731,0.6347
372,1,0.7685,0.8381
372,2,0.2741,0.6358
373,1,0.7446,0.8531
374,1,0.7517,0.8557
374,2,0.2742,0.6371
375,1,0.7581,0.8619
375,2,0.2748,0.6369
376,1,0.7581,0.8619
376,2,0.2748,0.6369
377,1,0.7581,0.8619
377,2,0.2748,0.6369
378,1,0.2753,0.6331
378,2,0.7311,0.8572
379,1,0.7297,0.8743
379,2,0.0490,0.6483
380,1,0.7042,0.8654
381,1,0.6952,0.8670
381,2,0.0432,0.6149
382,1,0.6952,0.8670
382,2,0.0432,0.6149
383,1,0.6772,0.8779
384,1,0.6772,0.8779
385,1,0.6309,0.8508
386,1,0.6138,0.8439
387,1,0.6147,0.8461
388,1,0.5942,0.8406
389,1,0.5853,0.8306
389,2,0.2813,0.6371
390,1,0.5969,0.8309
391,1,0.5612,0.8226
392,1,0.2814,0.6358
392,2,0.5520,0.8139
393,1,0.2814,0.6358
393,2,0.5520,0.8139
394,1,0.5393,0.8090
394,2,0.2804,0.6336
395,1,0.2817,0.6335
395,2,0.5334,0.8114
396,1,0.5331,0.8107
397,1,0.5331,0.8107
398,1,0.5240,0.8007
399,1,0.5071,0.7904
400,1,0.5095,0.8049
401,1,0.5055,0.7829
402,1,0.4950,0.7835
403,1,0.4962,0.7882
404,1,0.4962,0.7882
405,1,0.0413,0.5436
405,2,0.4730,0.7828
406,1,0.4719,0.7730
406,2,0.0471,0.5396
407,1,0.0617,0.5550
407,2,0.4821,0.7784
408,1,0.0617,0.5550
408,2,0.4821,0.7784
409,1,0.0645,0.5510
409,2,0.4707,0.7734
410,1,0.4767,0.7689
410,2,0.0698,0.5480
411,1,0.4767,0.7689
411,2,0.0698,0.5480
412,1,0.0805,0.5650
412,2,0.4755,0.7801
413,1,0.0805,0.5650
413,2,0.4755,0.7801
414,1,0.0531,0.5509
414,2,0.4854,0.7708
415,1,0.0531,0.5509
415,2,0.4854,0.7708
416,1,0.4800,0.7555
416,2,0.0620,0.6036
417,1,0.4900,0.7619
417,2,0.0492,0.6478
418,1,0.4900,0.7619
418,2,0.0492,0.6478
419,1,0.4806,0.7504
420,1,0.4829,0.7543
421,1,0.4829,0.7543
422,1,0.5065,0.7667
423,1,0.4869,0.7790
424,1,0.4869,0.7790
425,1,0.4949,0.7784
428,1,0.4985,0.7719
429,1,0.5182,0.7493
430,1,0.5080,0.7592
431,1,0.5080,0.7592
435,1,0.4423,0.6823
437,1,0.4210,0.6832
438,1,0.4323,0.6836
439,1,0.4168,0.6946
441,1,0.3939,0.6508
442,1,0.3839,0.5591
442,2,0.1478,0.7393
443,1,0.1655,0.7608
443,2,0.3864,0.5028
444,1,0.1900,0.7602
444,2,0.3860,0.4944
445,1,0.2670,0.7357
445,2,0.3897,0.5030
446,1,0.2923,0.7456
446,2,0.3756,0.4979
447,1,0.2914,0.7350
447,2,0.3715,0.4989
448,1,0.3994,0.7549
449,1,0.4350,0.7316
450,1,0.4012,0.5056
451,1,0.5270,0.7199
451,2,0.4015,0.5084
452,1,0.5588,0.7117
452,2,0.4015,0.5037
453,1,0.5998,0.7366
453,2,0.4033,0.5059
454,1,0.5998,0.7366
454,2,0.4033,0.5059
455,1,0.6482,0.7863
455,2,0.4048,0.5094
456,1,0.6801,0.8161
456,2,0.4046,0.5078
457,1,0.6985,0.8118
457,2,0.4034,0.5073
458,1,0.6985,0.8118
458,2,0.4034,0.5073
459,1,0.7485,0.7921
459,2,0.4042,0.5056
460,1,0.7451,0.7724
460,2,0.4057,0.5058
461,1,0.7559,0.7609
461,2,0.4059,0.5048
462,1,0.7559,0.7609
462,2,0.4059,0.5048
463,1,0.7671,0.7881
463,2,0.4127,0.5089
464,1,0.7671,0.7881
464,2,0.4127,0.5089
465,1,0.4110,0.5066
466,1,0.4124,0.5086
467,1,0.4124,0.5086
468,1,0.4124,0.5086
469,1,0.4152,0.5142
469,2,0.7651,0.7768
470,1,0.4151,0.5139
470,2,0.7980,0.7624
471,1,0.4151,0.5139
471,2,0.7980,0.7624
472,1,0.4153,0.5163
472,2,0.8025,0.7990
473,1,0.4154,0.5175
473,2,0.8039,0.8106
474,1,0.4150,0.5161
474,2,0.8226,0.8293
475,1,0.4162,0.5187
475,2,0.8415,0.8441
476,1,0.4168,0.5199
477,1,0.4175,0.5229
478,1,0.4167,0.5302
479,1,0.4167,0.5302
480,1,0.4185,0.5393
481,1,0.4181,0.5428
482,1,0.4181,0.5428
483,1,0.4186,0.5431
483,2,0.7802,0.7460
484,1,0.4188,0.5460
484,2,0.7803,0.7527
485,1,0.7826,0.7534
485,2,0.4191,0.5496
486,1,0.7808,0.7530
486,2,0.4203,0.5512
487,1,0.7816,0.7522
487,2,0.4205,0.5506
488,1,0.7816,0.7522
488,2,0.4205,0.5506
489,1,0.7816,0.7522
489,2,0.4205,0.5506
490,1,0.4186,0.5501
490,2,0.7822,0.7522
491,1,0.4186,0.5501
491,2,0.7822,0.7522
492,1,0.4200,0.5542
492,2,0.7817,0.7550
493,1,0.4193,0.5589
493,2,0.7834,0.7531
494,1,0.7809,0.7503
494,2,0.4207,0.5639
495,1,0.4239,0.5671
495,2,0.7830,0.7518
496,1,0.7808,0.7494
496,2,0.4282,0.5658
497,1,0.7808,0.7494
497,2,0.4282,0.5658
498,1,0.7809,0.7491
498,2,0.4326,0.5671
499,1,0.4358,0.5747
499,2,0.7796,0.7461
500,1,0.4380,0.5775
500,2,0.7813,0.7438
501,1,0.4420,0.5780
501,2,0.7831,0.7474
502,1,0.4420,0.5780
502,2,0.7831,0.7474
503,1,0.7810,0.7491
503,2,0.4462,0.5794
504,1,0.7815,0.7497
504,2,0.4464,0.5793
505,1,0.7815,0.7497
505,2,0.4464,0.5793
506,1,0.7802,0.7459
506,2,0.4461,0.5888
507,1,0.7803,0.7500
507,2,0.4456,0.5877
508,1,0.7803,0.7500
508,2,0.4456,0.5877
509,1,0.7815,0.7508
509,2,0.4389,0.5813
510,1,0.7824,0.7523
511,1,0.7824,0.7523
512,1,0.7811,0.7542
512,2,0.4211,0.6254
513,1,0.7798,0.7489
513,2,0.4227,0.6306
514,1,0.7796,0.7448
514,2,0.4212,0.6391
515,1,0.7780,0.7466
515,2,0.4263,0.6470
516,1,0.7784,0.7471
516,2,0.4244,0.6584
517,1,0.7785,0.7457
517,2,0.4256,0.6687
518,1,0.7785,0.7457
518,2,0.4256,0.6687
519,1,0.7806,0.7487
519,2,0.4356,0.6660
520,1,0.7806,0.7481
520,2,0.4326,0.6560
521,1,0.7806,0.7481
521,2,0.4326,0.6560
522,1,0.7780,0.7470
522,2,0.4197,0.6668
523,1,0.7758,0.7455
524,1,0.7759,0.7452
525,1,0.7771,0.7475
525,2,0.4335,0.6714
526,1,0.7787,0.7498
527,1,0.4516,0.6466
527,2,0.7777,0.7492
528,1,0.4520,0.6428
528,2,0.7765,0.7493
529,1,0.4545,0.6455
529,2,0.7763,0.7511
530,1,0.4545,0.6455
530,2,0.7763,0.7511
531,1,0.7774,0.7514
531,2,0.4599,0.6354
532,1,0.7793,0.7539
533,1,0.7823,0.7529
533,2,0.2650,0.6153
533,3,0.4607,0.6267
534,1,0.7823,0.7529
534,2,0.2650,0.6153
534,3,0.4607,0.6267
535,1,0.7828,0.7527
535,2,0.4594,0.6256
536,1,0.7860,0.7537
536,2,0.4595,0.6270
537,1,0.7837,0.7565
537,2,0.2768,0.5936
537,3,0.4593,0.6259
538,1,0.4601,0.6272
539,1,0.4601,0.6272
540,1,0.4589,0.6266
541,1,0.4567,0.6358
542,1,0.4535,0.6243
543,1,0.4577,0.6433
543,2,0.2652,0.5957
544,1,0.4577,0.6433
544,2,0.2652,0.5957
545,1,0.4544,0.6430
546,1,0.4544,0.6430
547,1,0.4513,0.6407
548,1,0.4595,0.6308
549,1,0.4619,0.6368
550,1,0.4636,0.6412
551,1,0.4623,0.6451
552,1,0.4596,0.6465
553,1,0.4614,0.6486
554,1,0.2542,0.5959
554,2,0.4614,0.6445
555,1,0.4620,0.6486
555,2,0.2508,0.5897
556,1,0.4674,0.6528
557,1,0.4612,0.6434
558,1,0.4596,0.6315
558,2,0.2577,0.5803
561,1,0.4577,0.6407
563,1,0.4570,0.6469
564,1,0.4570,0.6469
565,1,0.4607,0.6556
566,1,0.4618,0.6543
567,1,0.4618,0.6543
569,1,0.4621,0.6513
570,1,0.4683,0.6417
572,1,0.4617,0.6411
573,1,0.4617,0.6411
574,1,0.4740,0.6450
575,1,0.4740,0.6450
576,1,0.4800,0.6447
577,1,0.4896,0.6542
578,1,0.4986,0.6444
578,2,0.2537,0.4732
579,1,0.4986,0.6444
579,2,0.2537,0.4732
580,1,0.5025,0.6480
581,1,0.5005,0.6507
582,1,0.5024,0.6444
583,1,0.5070,0.6450
584,1,0.5121,0.6419
585,1,0.5229,0.6370
586,1,0.5213,0.6151
587,1,0.5299,0.6112
587,2,0.2557,0.4834
588,1,0.5299,0.6112
588,2,0.2557,0.4834
589,1,0.5458,0.6045
590,1,0.5504,0.5919
591,1,0.5486,0.5786
592,1,0.5486,0.5786
593,1,0.5391,0.5575
594,1,0.5391,0.5575
595,1,0.5378,0.5578
595,2,0.7845,0.7777
596,1,0.5378,0.5578
596,2,0.7845,0.7777
597,1,0.5386,0.5520
597,2,0.7848,0.7794
598,1,0.5382,0.5477
598,2,0.7869,0.7728
599,1,0.7851,0.7710
599,2,0.5401,0.5445
600,1,0.5403,0.5415
600,2,0.7872,0.7703
601,1,0.7852,0.7740
601,2,0.5333,0.5455
602,1,0.7802,0.7729
602,2,0.5275,0.5473
603,1,0.5223,0.5543
603,2,0.7781,0.7751
604,1,0.7766,0.7748
605,1,0.7732,0.7784
606,1,0.5012,0.5870
606,2,0.7728,0.7773
607,1,0.7711,0.7827
607,2,0.2523,0.5046
608,1,0.7763,0.7842
609,1,0.7762,0.7809
609,2,0.4920,0.6424
610,1,0.7783,0.7733
611,1,0.7786,0.7714
612,1,0.7803,0.7685
613,1,0.7826,0.7669
614,1,0.7715,0.7650
615,1,0.7715,0.7650
616,1,0.7715,0.7650
617,1,0.7726,0.7565
618,1,0.7711,0.7531
619,1,0.7711,0.7531
620,1,0.7657,0.7472
621,1,0.7584,0.7415
622,1,0.7550,0.7368
623,1,0.7487,0.7323
624,1,0.7488,0.7236
625,1,0.7488,0.7236
626,1,0.7425,0.7098
627,1,0.7397,0.7022
628,1,0.7377,0.6982
628,2,0.2507,0.5071
629,1,0.2523,0.5073
629,2,0.7348,0.6928
630,1,0.2523,0.5073
630,2,0.7348,0.6928
631,1,0.2525,0.5091
631,2,0.7309,0.6908
632,1,0.2525,0.5091
632,2,0.7309,0.6908
633,1,0.2523,0.5099
633,2,0.7263,0.6898
634,1,0.2522,0.5085
634,2,0.7240,0.6878
635,1,0.2522,0.5086
635,2,0.7222,0.6879
636,1,0.2522,0.5086
636,2,0.7222,0.6879
637,1,0.2521,0.5078
637,2,0.7176,0.6878
638,1,0.2522,0.5054
638,2,0.7094,0.6871
639,1,0.2520,0.5031
639,2,0.7036,0.6817
640,1,0.2519,0.5015
640,2,0.6997,0.6786
641,1,0.2523,0.5029
641,2,0.6971,0.6821
642,1,0.2523,0.5029
642,2,0.6971,0.6821
643,1,0.2521,0.5066
643,2,0.4726,0.6990
643,3,0.6986,0.6870
643,4,0.9661,0.8001
644,1,0.2522,0.5059
644,2,0.4721,0.6991
644,3,0.6966,0.6927
645,1,0.2522,0.5059
645,2,0.4721,0.6991
645,3,0.6966,0.6927
646,1,0.2525,0.5076
646,2,0.4724,0.7026
646,3,0.6941,0.6967
646,4,0.9652,0.8028
647,1,0.2525,0.5076
647,2,0.4724,0.7026
647,3,0.6941,0.6967
647,4,0.9652,0.8028
648,1,0.2525,0.5063
648,2,0.6958,0.6880
648,3,0.4726,0.6996
648,4,0.9656,0.8026
649,1,0.2525,0.5063
649,2,0.6958,0.6880
649,3,0.4726,0.6996
649,4,0.9656,0.8026
650,1,0.6917,0.6855
650,2,0.2530,0.5041
650,3,0.4712,0.6990
651,1,0.6917,0.6855
651,2,0.2530,0.5041
651,3,0.4712,0.6990
652,1,0.6911,0.6854
652,2,0.2533,0.5056
652,3,0.9695,0.8008
653,1,0.6911,0.6854
653,2,0.2533,0.5056
653,3,0.9695,0.8008
654,1,0.6877,0.6861
654,2,0.2529,0.5039
654,3,0.4715,0.6993
654,4,0.9708,0.7997
655,1,0.6866,0.6864
655,2,0.2532,0.5039
655,3,0.4690,0.6993
656,1,0.2531,0.5039
656,2,0.6876,0.6855
656,3,0.4739,0.7034
657,1,0.2533,0.5040
657,2,0.6861,0.6880
658,1,0.2533,0.5028
658,2,0.6877,0.6891
659,1,0.2528,0.5031
659,2,0.4786,0.7143
659,3,0.6901,0.6896
660,1,0.2524,0.5018
660,2,0.6882,0.6918
661,1,0.6873,0.6943
661,2,0.2536,0.5049
662,1,0.2537,0.5046
662,2,0.6868,0.6943
663,1,0.6883,0.6942
663,2,0.2540,0.5042
664,1,0.6877,0.6943
664,2,0.2541,0.5042
665,1,0.6891,0.6944
665,2,0.2537,0.5022
666,1,0.6891,0.6944
666,2,0.2537,0.5022
667,1,0.6889,0.7021
668,1,0.6894,0.7004
669,1,0.6910,0.6996
670,1,0.6927,0.6997
671,1,0.6927,0.7013
672,1,0.6927,0.7013
673,1,0.6928,0.7005
673,2,0.2579,0.4368
674,1,0.6928,0.7005
674,2,0.2579,0.4368
675,1,0.6933,0.7005
675,2,0.2573,0.4364
676,1,0.6924,0.7039
676,2,0.2581,0.4362
677,1,0.6936,0.7036
677,2,0.2575,0.4346
678,1,0.2570,0.4326
678,2,0.6969,0.7039
679,1,0.2563,0.4317
679,2,0.6973,0.7060
680,1,0.2558,0.4307
680,2,0.6984,0.7010
681,1,0.2549,0.4297
681,2,0.6985,0.7008
682,1,0.2546,0.4291
682,2,0.6995,0.7012
683,1,0.2538,0.4253
683,2,0.7008,0.7016
684,1,0.2534,0.4254
684,2,0.7056,0.7011
685,1,0.2532,0.4245
685,2,0.7056,0.7006
686,1,0.2521,0.4250
686,2,0.7009,0.7007
687,1,0.2535,0.4252
687,2,0.7005,0.6984
688,1,0.6968,0.6867
688,2,0.2532,0.4260
689,1,0.6971,0.6854
689,2,0.2538,0.4251
689,3,0.9589,0.7549
690,1,0.6963,0.6819
690,2,0.9175,0.7967
690,3,0.2519,0.4255
691,1,0.9059,0.7684
691,2,0.6977,0.6824
691,3,0.2515,0.4260
692,1,0.9113,0.6951
692,2,0.6984,0.6840
692,3,0.2514,0.4249
693,1,0.9141,0.6886
693,2,0.6982,0.6826
693,3,0.2518,0.4259
694,1,0.9139,0.6892
694,2,0.6987,0.6837
694,3,0.2524,0.4254
695,1,0.9204,0.6880
695,2,0.6992,0.6903
695,3,0.2526,0.4251
696,1,0.9195,0.6892
696,2,0.6995,0.6953
696,3,0.2526,0.4255
697,1,0.9165,0.6914
697,2,0.2528,0.4287
697,3,0.6987,0.6959
698,1,0.9193,0.7055
698,2,0.2529,0.4290
699,1,0.9220,0.7033
699,2,0.2532,0.4293
699,3,0.7018,0.7023
700,1,0.9220,0.7033
700,2,0.2532,0.4293
700,3,0.7018,0.7023
701,1,0.9147,0.6972
701,2,0.7030,0.7090
701,3,0.2529,0.4349
702,1,0.9249,0.7187
702,2,0.7046,0.7124
702,3,0.2529,0.4367
703,1,0.9478,0.7174
703,2,0.7045,0.7086
704,1,0.9556,0.7159
704,2,0.7075,0.7127
705,1,0.9559,0.7154
705,2,0.7075,0.7125
706,1,0.9569,0.7143
706,2,0.7074,0.7127
706,3,0.2539,0.4456
707,1,0.9590,0.7094
707,2,0.7076,0.7134
708,1,0.9572,0.7123
708,2,0.7071,0.7138
709,1,0.2516,0.5079
709,2,0.7084,0.7152
709,3,0.9603,0.7243
710,1,0.2525,0.5063
710,2,0.7092,0.7153
711,1,0.2525,0.5063
711,2,0.7092,0.7153
712,1,0.7092,0.7150
713,1,0.2529,0.4965
713,2,0.7086,0.7135
714,1,0.2524,0.4974
714,2,0.7088,0.7127
715,1,0.2538,0.4939
715,2,0.7086,0.7130
716,1,0.7087,0.7144
717,1,0.9390,0.7668
717,2,0.7160,0.7293
718,1,0.2534,0.5100
718,2,0.5057,0.7435
718,3,0.9352,0.7608
719,1,0.2534,0.5190
719,2,0.9353,0.7582
719,3,0.5053,0.7416
719,4,0.7183,0.7838
720,1,0.5058,0.7409
720,2,0.9348,0.7541
720,3,0.7221,0.7900
721,1,0.5059,0.7395
721,2,0.9366,0.7552
721,3,0.7207,0.7940
722,1,0.5057,0.7390
722,2,0.9308,0.7600
722,3,0.7241,0.7942
723,1,0.5067,0.7390
724,1,0.5072,0.7391
724,2,0.9293,0.7530
724,3,0.7235,0.7972
725,1,0.5098,0.7375
725,2,0.9294,0.7608
726,1,0.5049,0.7364
726,2,0.9318,0.7545
726,3,0.7246,0.7911
727,1,0.5061,0.7313
727,2,0.9318,0.7525
727,3,0.7236,0.7932
728,1,0.9311,0.7588
728,2,0.7233,0.7926
728,3,0.5049,0.7329
729,1,0.9316,0.7576
729,2,0.5039,0.7349
729,3,0.7239,0.7882
730,1,0.9300,0.7621
730,2,0.5038,0.7367
730,3,0.7220,0.7893
731,1,0.9300,0.7621
731,2,0.5038,0.7367
731,3,0.7220,0.7893
732,1,0.5101,0.7453
732,2,0.9292,0.7505
732,3,0.7222,0.7924
733,1,0.5115,0.7447
733,2,0.9297,0.7500
733,3,0.7236,0.7905
734,1,0.5115,0.7447
734,2,0.9297,0.7500
734,3,0.7236,0.7905
735,1,0.5115,0.7447
735,2,0.9297,0.7500
735,3,0.7236,0.7905
736,1,0.5115,0.7446
736,2,0.9339,0.7490
737,1,0.5117,0.7461
737,2,0.9316,0.7491
737,3,0.7223,0.7785
738,1,0.5120,0.7453
738,2,0.9330,0.7496
738,3,0.7218,0.7935
739,1,0.5120,0.7453
739,2,0.9330,0.7496
739,3,0.7218,0.7935
740,1,0.5130,0.7451
740,2,0.9336,0.7485
741,1,0.5123,0.7449
741,2,0.9302,0.7517
741,3,0.7239,0.7900
742,1,0.9267,0.7452
742,2,0.5116,0.7450
742,3,0.7247,0.7882
743,1,0.9103,0.7338
743,2,0.5123,0.7461
743,3,0.7237,0.7903
744,1,0.9172,0.7355
745,1,0.9172,0.7355
746,1,0.9114,0.7363
746,2,0.7250,0.7876
746,3,0.5112,0.7451
747,1,0.9154,0.7396
748,1,0.9212,0.7434
749,1,0.9281,0.7525
749,2,0.7255,0.7850
750,1,0.9281,0.7525
750,2,0.7255,0.7850
751,1,0.2687,0.5694
751,2,0.9293,0.7526
751,3,0.5156,0.7419
752,1,0.2687,0.5694
752,2,0.9293,0.7526
752,3,0.5156,0.7419
753,1,0.9314,0.7519
753,2,0.5119,0.7386
753,3,0.7226,0.7816
754,1,0.9314,0.7519
754,2,0.5119,0.7386
754,3,0.7226,0.7816
755,1,0.9327,0.7538
755,2,0.5445,0.6990
756,1,0.9327,0.7538
756,2,0.5445,0.6990
757,1,0.9327,0.7538
757,2,0.5445,0.6990
758,1,0.9330,0.7522
759,1,0.9436,0.7757
760,1,0.9436,0.7757
761,1,0.9407,0.7778
762,1,0.9393,0.7737
762,2,0.6263,0.6829
763,1,0.9436,0.7777
764,1,0.2671,0.6388
764,2,0.6957,0.7447
764,3,0.9429,0.7756
765,1,0.9437,0.7731
765,2,0.7049,0.7461
766,1,0.6978,0.7468
766,2,0.9428,0.7793
767,1,0.6978,0.7468
767,2,0.9428,0.7793
768,1,0.9442,0.7764
768,2,0.7012,0.7401
769,1,0.9442,0.7764
769,2,0.7012,0.7401
770,1,0.9432,0.7778
770,2,0.6975,0.7400
771,1,0.7046,0.7454
771,2,0.9419,0.7791
772,1,0.9410,0.7746
772,2,0.7026,0.7451
773,1,0.9406,0.7776
773,2,0.6991,0.7421
773,3,0.2693,0.5922
774,1,0.9416,0.7749
774,2,0.7165,0.7419
775,1,0.9415,0.7764
775,2,0.6996,0.7425
776,1,0.9458,0.7744
777,1,0.9427,0.7727
777,2,0.7021,0.7384
778,1,0.9467,0.7782
778,2,0.7024,0.7398
779,1,0.9423,0.7746
779,2,0.7048,0.7368
780,1,0.7002,0.7374
781,1,0.7002,0.7374
782,1,0.9303,0.7522
782,2,0.7021,0.7392
783,1,0.9332,0.7492
783,2,0.7137,0.7357
784,1,0.7093,0.7391
784,2,0.9346,0.7506
785,1,0.9340,0.7510
785,2,0.7096,0.7371
786,1,0.7062,0.7410
787,1,0.7075,0.7351
788,1,0.9246,0.7768
788,2,0.2861,0.5983
788,3,0.7023,0.7384
789,1,0.9188,0.7538
789,2,0.7141,0.7444
790,1,0.9208,0.7568
790,2,0.7140,0.7464
791,1,0.9208,0.7568
791,2,0.7140,0.7464
792,1,0.7144,0.7531
793,1,0.7107,0.7540
793,2,0.9252,0.7958
794,1,0.9251,0.7982
794,2,0.7198,0.7653
794,3,0.2888,0.5989
795,1,0.9263,0.7929
796,1,0.9293,0.7867
796,2,0.7173,0.7538
797,1,0.9238,0.8012
797,2,0.7190,0.7645
798,1,0.9262,0.7999
798,2,0.7104,0.7528
799,1,0.9099,0.7448
799,2,0.2928,0.6025
799,3,0.7221,0.7436
800,1,0.7220,0.7477
801,1,0.2877,0.5927
802,1,0.2792,0.5880
803,1,0.7165,0.7510
804,1,0.7165,0.7510
805,1,0.7185,0.7576
807,1,0.7156,0.7561
808,1,0.9221,0.7477
809,1,0.2883,0.6003
810,1,0.2880,0.5975
810,2,0.7136,0.7523
811,1,0.9245,0.7672
811,2,0.7128,0.7538
812,1,0.9251,0.7667
812,2,0.7124,0.7513
812,3,0.2823,0.5873
813,1,0.9242,0.7687
813,2,0.7124,0.7542
814,1,0.9242,0.7687
814,2,0.7124,0.7542
815,1,0.9248,0.7683
815,2,0.7120,0.7555
816,1,0.7121,0.7562
817,1,0.7152,0.7546
820,1,0.7154,0.7567
821,1,0.7149,0.7491
822,1,0.7145,0.7449
823,1,0.7145,0.7449
824,1,0.3021,0.6043
826,1,0.6895,0.6912
827,1,0.6930,0.6805
828,1,0.6930,0.6805
829,1,0.2954,0.6046
830,1,0.2954,0.6046
831,1,0.2954,0.6046
832,1,0.6966,0.6739
832,2,0.2910,0.6017
833,1,0.6942,0.6720
833,2,0.2894,0.5996
834,1,0.6934,0.6723
835,1,0.6934,0.6721
836,1,0.6934,0.6721
837,1,0.6898,0.6702
838,1,0.6930,0.6706
839,1,0.6910,0.6719
840,1,0.6884,0.6719
841,1,0.6884,0.6719
842,1,0.6859,0.6716
843,1,0.6836,0.6703
844,1,0.6880,0.6689
845,1,0.6844,0.6711
846,1,0.6840,0.6711
847,1,0.6844,0.6704
848,1,0.6844,0.6704
849,1,0.6854,0.6698
850,1,0.6854,0.6698
851,1,0.6859,0.6688
852,1,0.6859,0.6688
853,1,0.6854,0.6702
854,1,0.6854,0.6702
855,1,0.6846,0.6733
856,1,0.6840,0.6665
857,1,0.6840,0.6665
858,1,0.6824,0.6594
859,1,0.6849,0.6763
859,2,0.9511,0.7377
860,1,0.6928,0.6664
860,2,0.9311,0.7330
861,1,0.6837,0.6775
861,2,0.9030,0.7073
862,1,0.8673,0.6971
862,2,0.6885,0.6922
863,1,0.8410,0.7003
863,2,0.6842,0.6849
864,1,0.6927,0.6908
865,1,0.6927,0.6908
866,1,0.7131,0.7246
868,1,0.7005,0.6988
869,1,0.6988,0.6892
869,2,0.5641,0.6534
870,1,0.6967,0.6858
870,2,0.5183,0.6883
871,1,0.6966,0.6824
871,2,0.4829,0.6916
872,1,0.6969,0.6794
872,2,0.4679,0.6873
873,1,0.6986,0.6775
873,2,0.4397,0.6823
874,1,0.6988,0.6752
875,1,0.6988,0.6752
876,1,0.6960,0.6783
877,1,0.6960,0.6783
878,1,0.6979,0.6751
879,1,0.6985,0.6797
880,1,0.6989,0.6780
880,2,0.2478,0.6293
881,1,0.6989,0.6780
881,2,0.2478,0.6293
882,1,0.6960,0.6773
883,1,0.6978,0.6861
884,1,0.6991,0.6868
885,1,0.7176,0.6726
885,2,0.2325,0.6246
886,1,0.2400,0.6287
887,1,0.2400,0.6287
891,1,0.8581,0.7246
892,1,0.8787,0.7468
892,2,0.6763,0.6421
893,1,0.8914,0.7525
893,2,0.6663,0.6468
894,1,0.2707,0.6343
894,2,0.8946,0.7651
895,1,0.2706,0.6380
895,2,0.4301,0.6931
895,3,0.8728,0.7564
895,4,0.6547,0.6459
896,1,0.8467,0.7755
896,2,0.4316,0.6926
896,3,0.6356,0.6379
897,1,0.8126,0.7497
897,2,0.2409,0.6324
897,3,0.4336,0.6951
897,4,0.6222,0.6390
898,1,0.6049,0.6355
898,2,0.4323,0.6947
898,3,0.8011,0.7323
899,1,0.6049,0.6355
899,2,0.4323,0.6947
899,3,0.8011,0.7323
900,1,0.5755,0.6279
900,2,0.4300,0.7018
900,3,0.8387,0.7188
901,1,0.8661,0.7144
901,2,0.5626,0.6251
901,3,0.4300,0.7003
902,1,0.8661,0.7144
902,2,0.5626,0.6251
902,3,0.4300,0.7003
904,1,0.8188,0.7464
904,2,0.5243,0.5765
905,1,0.7926,0.7070
905,2,0.5172,0.4939
906,1,0.8122,0.7035
906,2,0.4985,0.4741
908,1,0.8733,0.7453
908,2,0.4464,0.4569
909,1,0.8869,0.7728
909,2,0.3795,0.4439
910,1,0.8331,0.7709
910,2,0.4302,0.7015
911,1,0.2488,0.4449
911,2,0.8010,0.7481
911,3,0.4292,0.7022
912,1,0.7891,0.7429
912,2,0.1947,0.4414
913,1,0.1245,0.4374
914,1,0.8484,0.7316
914,2,0.1273,0.4539
915,1,0.8892,0.7851
915,2,0.4286,0.6849
915,3,0.2238,0.4759
916,1,0.8565,0.7988
916,2,0.2991,0.4815
917,1,0.7871,0.7645
918,1,0.7672,0.7586
919,1,0.7587,0.7423
919,2,0.5037,0.5003
920,1,0.5101,0.5087
920,2,0.7894,0.7404
921,1,0.5383,0.5337
921,2,0.8249,0.7487
922,1,0.8503,0.7612
922,2,0.5910,0.5562
922,3,0.2825,0.6400
923,1,0.6557,0.5715
923,2,0.8564,0.7742
923,3,0.2827,0.6342
924,1,0.7190,0.5514
924,2,0.8323,0.7791
925,1,0.7190,0.5514
925,2,0.8323,0.7791
926,1,0.7885,0.7732
927,1,0.7875,0.7750
927,2,0.9116,0.5680
928,1,0.7875,0.7750
928,2,0.9116,0.5680
929,1,0.9432,0.6342
931,1,0.7392,0.5652
931,2,0.4198,0.6966
931,3,0.8557,0.7731
932,1,0.7392,0.5652
932,2,0.4198,0.6966
932,3,0.8557,0.7731
933,1,0.8220,0.7730
933,2,0.8861,0.5644
934,1,0.7855,0.7664
935,1,0.9391,0.6321
936,1,0.7886,0.6087
937,1,0.6670,0.5587
938,1,0.8515,0.7454
938,2,0.5740,0.5170
939,1,0.8741,0.7855
939,2,0.3222,0.4839
940,1,0.8518,0.7941
940,2,0.2228,0.4597
941,1,0.8518,0.7941
941,2,0.2228,0.4597
942,1,0.8114,0.7913
943,1,0.7974,0.8084
943,2,0.3993,0.4507
944,1,0.7657,0.8101
945,1,0.7396,0.8164
945,2,0.4331,0.6879
945,3,0.3374,0.4840
946,1,0.7108,0.8007
946,2,0.4337,0.6940
946,3,0.3295,0.5166
947,1,0.6746,0.8340
947,2,0.4444,0.5563
948,1,0.6746,0.8340
948,2,0.4444,0.5563
949,1,0.5993,0.8123
949,2,0.7804,0.5812
950,1,0.7769,0.6313
950,2,0.5822,0.8173
951,1,0.7769,0.6313
951,2,0.5822,0.8173
952,1,0.4405,0.5741
953,1,0.4505,0.8292
954,1,0.4505,0.8292
955,1,0.3172,0.4770
956,1,0.2853,0.8339
956,2,0.2266,0.4666
957,1,0.2101,0.8322
957,2,0.2413,0.4527
958,1,0.0988,0.8713
959,1,0.0988,0.8713
960,1,0.3738,0.4839
961,1,0.3024,0.4897
962,1,0.4624,0.5403
963,1,0.5388,0.5241
964,1,0.5388,0.5241
967,1,0.2722,0.4482
970,1,0.3533,0.4671
971,1,0.2488,0.4982
972,1,0.1300,0.5368
974,1,0.3484,0.6064
975,1,0.3467,0.6021
976,1,0.4519,0.7089
976,2,0.3442,0.6089
977,1,0.3548,0.6092
978,1,0.3650,0.6158
980,1,0.1704,0.4971
981,1,0.1704,0.4971
984,1,0.5847,0.5239
985,1,0.5219,0.5296
986,1,0.5219,0.5296
987,1,0.3453,0.4898
988,1,0.2979,0.4711
991,1,0.4438,0.4750
992,1,0.4497,0.4944
993,1,0.4984,0.5243
993,2,0.3674,0.6528
994,1,0.5980,0.5301
995,1,0.6207,0.5266
996,1,0.3464,0.6790
996,2,0.5531,0.4917
997,1,0.3464,0.6790
997,2,0.5531,0.4917
1000,1,0.5682,0.5169
1001,1,0.5089,0.5314
1002,1,0.5089,0.5314
1006,1,0.2993,0.4634
1007,1,0.2841,0.4768
1008,1,0.3488,0.4942
1013,1,0.5619,0.5544
1014,1,0.3341,0.4830
1015,1,0.3066,0.4617
1016,1,0.4246,0.4797
1017,1,0.4731,0.4885
1018,1,0.5887,0.5222
1019,1,0.5951,0.4875
1021,1,0.4972,0.7077
1021,2,0.4007,0.4739
1022,1,0.4160,0.4843
1023,1,0.4098,0.5185
1023,2,0.5435,0.6825
1024,1,0.2780,0.5253
1025,1,0.0710,0.5237
1025,2,0.3088,0.6678
1025,3,0.5446,0.7009
1026,1,0.5408,0.6923
1027,1,0.5477,0.6979
1028,1,0.3131,0.6920
1029,1,0.5717,0.6889
1029,2,0.3110,0.7133
1030,1,0.3271,0.6837
1031,1,0.3057,0.7036
1032,1,0.2854,0.7107
1033,1,0.1062,0.5383
1033,2,0.2949,0.7132
1035,1,0.3650,0.5155
1035,2,0.5503,0.6817
1037,1,0.4905,0.7001
1040,1,0.5339,0.6932
1041,1,0.5339,0.6932
1042,1,0.3726,0.6273
1043,1,0.3850,0.6523
1044,1,0.3850,0.6523
1045,1,0.4882,0.5296
1049,1,0.6081,0.5240
1050,1,0.5421,0.5238
1052,1,0.4375,0.4719
1053,1,0.5107,0.6941
1054,1,0.5107,0.6941
1055,1,0.3137,0.4846
1055,2,0.4926,0.7293
1057,1,0.4599,0.4886
1057,2,0.3551,0.6297
1058,1,0.3553,0.6819
1058,2,0.5457,0.4949
1059,1,0.3553,0.6819
1059,2,0.5457,0.4949
1060,1,0.5321,0.5408
1061,1,0.5321,0.5408
1062,1,0.4916,0.6824
1062,2,0.3856,0.4960
1063,1,0.1977,0.5003
1063,2,0.5249,0.6887
1064,1,0.1977,0.5003
1064,2,0.5249,0.6887
1065,1,0.3123,0.6619
1066,1,0.3303,0.6420
1071,1,0.3763,0.6560
1073,1,0.3760,0.6237
1074,1,0.1188,0.5520
1074,2,0.3411,0.6084
1075,1,0.2854,0.5186
1076,1,0.5006,0.7080
1077,1,0.5006,0.7080
1078,1,0.5919,0.5103
1079,1,0.5919,0.5103
1080,1,0.1309,0.8484
1080,2,0.3782,0.6221
1080,3,0.5182,0.5329
1081,1,0.1309,0.8484
1081,2,0.3782,0.6221
1081,3,0.5182,0.5329
1083,1,0.1959,0.8141
1083,2,0.4590,0.4854
1084,1,0.1943,0.8122
1084,2,0.3479,0.6637
1085,1,0.2085,0.7957
1086,1,0.2085,0.7957
1087,1,0.5661,0.7057
1087,2,0.2221,0.7700
1088,1,0.3656,0.4639
1089,1,0.3656,0.4639
1090,1,0.3466,0.4554
1091,1,0.2438,0.7565
1091,2,0.3666,0.4764
1092,1,0.2438,0.7565
1092,2,0.3666,0.4764
1093,1,0.2935,0.4582
1094,1,0.5709,0.7298
1094,2,0.2471,0.4893
1094,3,0.4008,0.6604
1095,1,0.3741,0.6825
1095,2,0.2532,0.4558
1096,1,0.3741,0.6825
1096,2,0.2532,0.4558
1100,1,0.1470,0.4702
1100,2,0.5689,0.7420
1101,1,0.1250,0.4781
1102,1,0.1250,0.4781
1103,1,0.1454,0.4864
1104,1,0.5753,0.7028
1105,1,0.2765,0.4948
1105,2,0.5725,0.7167
1106,1,0.2820,0.4939
1106,2,0.5753,0.7471
1107,1,0.2483,0.4945
1108,1,0.2483,0.4945
1109,1,0.5719,0.7410
1109,2,0.0953,0.4762
1110,1,0.0427,0.4866
1111,1,0.0549,0.5078
1112,1,0.0994,0.5156
1113,1,0.1365,0.5089
1113,2,0.5612,0.7522
1114,1,0.1673,0.5087
1114,2,0.5684,0.7468
1116,1,0.5851,0.7851
1116,2,0.2297,0.5024
1117,1,0.5908,0.7876
1117,2,0.2682,0.4972
1119,1,0.5908,0.7949
1120,1,0.5908,0.7949
1126,1,0.6285,0.7497
1136,1,0.7031,0.6799
1137,1,0.7119,0.6611
1141,1,0.7176,0.6558
1141,2,0.5504,0.4333
1142,1,0.7515,0.6788
1144,1,0.5637,0.4404
1145,1,0.5637,0.4404
1147,1,0.5813,0.4484
1148,1,0.5863,0.4512
1149,1,0.5994,0.4507
1150,1,0.5991,0.4544
1151,1,0.6037,0.4530
1152,1,0.5987,0.4590
1153,1,0.5987,0.4590
1155,1,0.6028,0.4798
1156,1,0.6093,0.4867
1157,1,0.6038,0.4913
1158,1,0.5993,0.5092
1159,1,0.5969,0.5174
1160,1,0.4374,0.6810
1160,2,0.5877,0.5220
1161,1,0.4086,0.7102
1161,2,0.5716,0.5378
1162,1,0.5550,0.5453
1162,2,0.3821,0.7262
1163,1,0.5241,0.5543
1163,2,0.3610,0.7448
1164,1,0.5282,0.5622
1165,1,0.3374,0.7681
1165,2,0.5160,0.5706
1166,1,0.5005,0.5936
1167,1,0.2756,0.8139
1167,2,0.4806,0.5976
1168,1,0.4533,0.6168
1168,2,0.2461,0.8333
1169,1,0.4497,0.6181
1170,1,0.4511,0.6227
1171,1,0.4533,0.6235
1172,1,0.4534,0.6189
1173,1,0.4524,0.6095
1174,1,0.4676,0.6068
1174,2,0.2862,0.8221
1175,1,0.2933,0.8098
1175,2,0.4672,0.5874
1176,1,0.4792,0.5832
1177,1,0.4734,0.5731
1178,1,0.4822,0.5561
1179,1,0.4822,0.5561
1180,1,0.4692,0.5384
1181,1,0.4580,0.5267
1182,1,0.4487,0.5207
1183,1,0.4487,0.5207
1186,1,0.3983,0.7451
1191,1,0.3950,0.4889
1192,1,0.3977,0.4740
1193,1,0.5124,0.6914
1193,2,0.3824,0.4796
1194,1,0.5209,0.6820
1197,1,0.5709,0.6959
1198,1,0.3735,0.4796
1198,2,0.5763,0.6940
1200,1,0.3847,0.4826
1201,1,0.3936,0.4829
1202,1,0.3971,0.4843
1203,1,0.3971,0.4843
1204,1,0.4015,0.4865
1205,1,0.3975,0.4828
1206,1,0.3975,0.4828
1208,1,0.4012,0.4788
1209,1,0.4012,0.4788
1210,1,0.4084,0.4937
1211,1,0.4084,0.4937
1212,1,0.4119,0.4895
1213,1,0.4132,0.4853
1214,1,0.4132,0.4853
1215,1,0.4132,0.4853
1216,1,0.4134,0.4846
1217,1,0.4134,0.4846
1218,1,0.4233,0.4917
1219,1,0.4233,0.4917
1220,1,0.4293,0.6169
1221,1,0.4293,0.6169
1222,1,0.4359,0.6343
1223,1,0.4354,0.6362
1224,1,0.4354,0.6362
1225,1,0.4357,0.6314
1226,1,0.4357,0.6314
1227,1,0.4380,0.6273
1228,1,0.4397,0.6348
1229,1,0.4395,0.6304
1230,1,0.4407,0.6252
1231,1,0.4407,0.6252
1232,1,0.4458,0.6133
1234,1,0.4459,0.5805
1235,1,0.4489,0.5526
1236,1,0.4489,0.5526
1237,1,0.4511,0.5432
1238,1,0.4507,0.5294
1239,1,0.4480,0.5105
1240,1,0.4444,0.4895
1241,1,0.4450,0.4687
1242,1,0.4409,0.4534
1243,1,0.4465,0.4429
1244,1,0.4422,0.4317
1245,1,0.4426,0.4319
1246,1,0.4201,0.4293
1247,1,0.4201,0.4293
1248,1,0.4205,0.4329
1249,1,0.4222,0.4246
1250,1,0.4224,0.4296
1252,1,0.4198,0.4277
1253,1,0.4207,0.4287
1254,1,0.4208,0.4346
1255,1,0.4253,0.4302
1256,1,0.4243,0.4341
1257,1,0.6092,0.5965
1257,2,0.4236,0.4294
1258,1,0.6087,0.5879
1258,2,0.4247,0.4360
1259,1,0.6044,0.5870
1259,2,0.4268,0.4446
1260,1,0.6044,0.5870
1260,2,0.4268,0.4446
1261,1,0.5999,0.5860
1261,2,0.4211,0.4324
1262,1,0.4201,0.4369
1262,2,0.5998,0.5851
1263,1,0.4247,0.4369
1263,2,0.5980,0.5846
1264,1,0.5903,0.5813
1264,2,0.4179,0.4358
1265,1,0.4290,0.4424
1265,2,0.5874,0.5841
1266,1,0.4282,0.4465
1266,2,0.5877,0.5775
1267,1,0.5864,0.5749
1267,2,0.4167,0.4427
1268,1,0.5864,0.5749
1268,2,0.4167,0.4427
1269,1,0.5976,0.5684
1269,2,0.4171,0.4436
1270,1,0.4245,0.4479
1270,2,0.6026,0.5703
1271,1,0.4133,0.4489
1271,2,0.6073,0.5679
1272,1,0.4133,0.4489
1272,2,0.6073,0.5679
1273,1,0.4168,0.4488
1273,2,0.6151,0.5788
1274,1,0.4197,0.4472
1274,2,0.6142,0.5769
1275,1,0.4109,0.4504
1275,2,0.6195,0.5913
1276,1,0.4128,0.4522
1276,2,0.6231,0.5946
1277,1,0.6237,0.5998
1277,2,0.4237,0.4550
1278,1,0.6186,0.6005
1278,2,0.4267,0.4635
1279,1,0.6147,0.5937
1279,2,0.4312,0.4629
1280,1,0.6115,0.5924
1280,2,0.4330,0.4599
1281,1,0.6115,0.5924
1281,2,0.4330,0.4599
1282,1,0.6129,0.5985
1283,1,0.6056,0.6038
1283,2,0.4339,0.4696
1284,1,0.4315,0.4567
1285,1,0.4371,0.4660
1286,1,0.4381,0.4569
1287,1,0.4349,0.4510
1288,1,0.7827,0.6688
1288,2,0.4638,0.4507
1289,1,0.4301,0.4629
1290,1,0.4251,0.4742
1291,1,0.4286,0.4761
1292,1,0.8226,0.6010
1292,2,0.6388,0.7702
1292,3,0.4324,0.4768
1293,1,0.8062,0.5741
1293,2,0.6439,0.7611
1293,3,0.4378,0.4746
1294,1,0.8000,0.5668
1294,2,0.4405,0.4747
1295,1,0.8097,0.5640
1296,1,0.8090,0.5674
1296,2,0.4686,0.4751
1297,1,0.8090,0.5674
1297,2,0.4686,0.4751
1298,1,0.8126,0.5578
1298,2,0.4557,0.4862
1299,1,0.8092,0.5607
1299,2,0.4801,0.4721
1300,1,0.8092,0.5607
1300,2,0.4801,0.4721
1301,1,0.4824,0.4700
1301,2,0.8076,0.5618
1302,1,0.4875,0.4831
1302,2,0.8060,0.5595
1303,1,0.8025,0.5558
1303,2,0.4757,0.4873
1304,1,0.8025,0.5512
1304,2,0.4666,0.4889
1305,1,0.8034,0.5519
1305,2,0.4797,0.4871
1306,1,0.8029,0.5508
1306,2,0.4811,0.4860
1307,1,0.8043,0.5497
1307,2,0.4760,0.4858
1308,1,0.8043,0.5497
1308,2,0.4760,0.4858
1309,1,0.8043,0.5497
1309,2,0.4760,0.4858
1310,1,0.8050,0.5507
1310,2,0.4795,0.4818
1311,1,0.8109,0.5499
1311,2,0.4753,0.4883
1312,1,0.8131,0.5534
1312,2,0.4785,0.4927
1313,1,0.8131,0.5511
1314,1,0.8138,0.5510
1315,1,0.8205,0.5503
1316,1,0.6490,0.7635
1316,2,0.8149,0.5537
1316,3,0.4845,0.5321
1317,1,0.8325,0.5280
1318,1,0.8273,0.4940
1318,2,0.5269,0.4909
1319,1,0.5257,0.5015
1319,2,0.3922,0.6412
1319,3,0.8272,0.5168
1320,1,0.8276,0.5358
1320,2,0.3203,0.7618
1320,3,0.5180,0.4867
1321,1,0.8425,0.5532
1321,2,0.5251,0.4855
1321,3,0.3230,0.7746
1322,1,0.8425,0.5532
1322,2,0.5251,0.4855
1322,3,0.3230,0.7746
1323,1,0.5278,0.4825
1323,2,0.8394,0.5497
1323,3,0.3224,0.7737
1324,1,0.5280,0.4801
1324,2,0.3226,0.7726
1325,1,0.7847,0.5291
1325,2,0.5293,0.4846
1325,3,0.3218,0.7732
1326,1,0.5306,0.4547
1326,2,0.3224,0.7697
1327,1,0.3194,0.7770
1327,2,0.7206,0.5103
1328,1,0.3198,0.7753
1329,1,0.3213,0.7760
1329,2,0.5225,0.5384
1330,1,0.5281,0.5261
1331,1,0.5281,0.5261
1332,1,0.4830,0.4943
1333,1,0.4854,0.5043
1334,1,0.4854,0.5043
1335,1,0.3403,0.7913
1335,2,0.4827,0.5064
1336,1,0.3383,0.7898
1336,2,0.4832,0.5028
1337,1,0.3369,0.7903
1337,2,0.4821,0.5063
1338,1,0.3419,0.7908
1338,2,0.4827,0.5061
1339,1,0.3358,0.7910
1339,2,0.4814,0.5217
1340,1,0.4878,0.5922
1342,1,0.4770,0.5475
1343,1,0.4760,0.5473
1343,2,0.3293,0.7872
1344,1,0.4742,0.5421
1344,2,0.3283,0.7862
1345,1,0.4741,0.5422
1346,1,0.4734,0.5423
1346,2,0.6021,0.4851
1347,1,0.4743,0.5419
1347,2,0.3294,0.7867
1348,1,0.4743,0.5419
1348,2,0.3294,0.7867
1349,1,0.4743,0.5419
1349,2,0.3294,0.7867
1350,1,0.4780,0.5462
1351,1,0.4758,0.5483
1352,1,0.3790,0.5551
1353,1,0.3790,0.5551
1366,1,0.4426,0.5084
1367,1,0.4548,0.5054
1368,1,0.4610,0.5035
1369,1,0.4568,0.5060
1370,1,0.4578,0.5032
1371,1,0.4593,0.5050
1376,1,0.2985,0.5121
1377,1,0.2967,0.5093
1378,1,0.2944,0.5030
1379,1,0.2944,0.5030
1380,1,0.2941,0.5042
1381,1,0.2942,0.5036
1382,1,0.2949,0.5038
1383,1,0.2959,0.5044
1384,1,0.5070,0.4878
1385,1,0.5063,0.5193
1386,1,0.4988,0.6002
1391,1,0.3223,0.7679
1392,1,0.3223,0.7679
1393,1,0.3236,0.7676
1394,1,0.3239,0.7673
1395,1,0.3264,0.7653
1400,1,0.5170,0.6209
1401,1,0.5170,0.6209
1402,1,0.5188,0.6229
1403,1,0.5166,0.6350
1403,2,0.3425,0.6396
1404,1,0.5176,0.6235
1405,1,0.5209,0.6385
1406,1,0.5205,0.6284
1407,1,0.5205,0.6284
1408,1,0.5307,0.6088
1409,1,0.3624,0.6565
1411,1,0.6426,0.6383
1412,1,0.6794,0.6534
1413,1,0.6926,0.6616
1414,1,0.6926,0.6616
1415,1,0.6914,0.6635
1416,1,0.6927,0.6629
1417,1,0.6924,0.6635
1418,1,0.6941,0.6612
1419,1,0.6941,0.6612
1421,1,0.6358,0.6861
1424,1,0.6507,0.6649
1425,1,0.6547,0.6695
1426,1,0.3237,0.7619
1426,2,0.6560,0.6663
1427,1,0.6596,0.6634
1428,1,0.6590,0.6638
1429,1,0.3263,0.7640
1429,2,0.6619,0.6647
1430,1,0.3269,0.7649
1430,2,0.6599,0.6638
1431,1,0.3269,0.7649
1431,2,0.6599,0.6638
1432,1,0.3268,0.7654
1432,2,0.6613,0.6633
1433,1,0.3250,0.7641
1433,2,0.6604,0.6639
1434,1,0.6603,0.6646
1435,1,0.6438,0.6775
1436,1,0.3318,0.7590
1437,1,0.3318,0.7590
1438,1,0.3336,0.7471
1439,1,0.3384,0.7533
1439,2,0.6590,0.6789
1440,1,0.6687,0.6794
1440,2,0.3331,0.7428
1441,1,0.6687,0.6794
1441,2,0.3331,0.7428
1443,1,0.6700,0.6784
1444,1,0.6647,0.6860
1445,1,0.6589,0.6712
1446,1,0.6573,0.6789
1447,1,0.6583,0.6794
1448,1,0.6583,0.6794
1451,1,0.6573,0.6884
1451,2,0.3251,0.7640
1452,1,0.6579,0.7020
1453,1,0.6579,0.7020
1454,1,0.6519,0.6979
1455,1,0.6513,0.6972
1456,1,0.6518,0.6974
1457,1,0.6534,0.6939
1458,1,0.6537,0.6959
1459,1,0.6552,0.6992
1459,2,0.3720,0.6591
1460,1,0.6544,0.6983
1461,1,0.6544,0.6983
1462,1,0.6547,0.7005
1463,1,0.6549,0.7011
1464,1,0.6546,0.7007
1465,1,0.6563,0.6997
1466,1,0.6554,0.6933
1467,1,0.6556,0.6982
1468,1,0.6550,0.6977
1469,1,0.6550,0.6977
1470,1,0.6537,0.6959
1471,1,0.6545,0.6983
1472,1,0.6534,0.6960
1473,1,0.6534,0.6960
1474,1,0.6546,0.7006
1475,1,0.6557,0.6996
1476,1,0.6557,0.6996
1477,1,0.6533,0.6817
1478,1,0.6533,0.6817
1479,1,0.6518,0.6712
1480,1,0.6540,0.6890
1481,1,0.6549,0.6763
1482,1,0.6510,0.6633
1483,1,0.6544,0.6900
1484,1,0.6544,0.6900
1485,1,0.6452,0.6648
1486,1,0.6453,0.6620
1488,1,0.6524,0.6676
1489,1,0.6561,0.6763
1490,1,0.6517,0.6796
1491,1,0.6509,0.6838
1492,1,0.6449,0.6652
1493,1,0.6455,0.6671
1494,1,0.6456,0.6669
1495,1,0.6484,0.6648
1496,1,0.6452,0.6588
1497,1,0.6519,0.6637
1498,1,0.6508,0.6492
1499,1,0.6483,0.6493
1500,1,0.6497,0.6533
1501,1,0.6504,0.6509
1502,1,0.6519,0.6508
1503,1,0.6555,0.6506
1504,1,0.6559,0.6507
1505,1,0.6559,0.6520
1506,1,0.6559,0.6520
1507,1,0.6552,0.6481
1508,1,0.6506,0.6472
1509,1,0.6508,0.6505
1512,1,0.3392,0.4585
1512,2,0.4190,0.6660
1513,1,0.3013,0.4673
1513,2,0.4160,0.6655
1514,1,0.2396,0.4742
1514,2,0.4162,0.6687
1515,1,0.2396,0.4742
1515,2,0.4162,0.6687
1516,1,0.3084,0.5541
1516,2,0.6424,0.6856
1516,3,0.4188,0.6834
1517,1,0.6401,0.6832
1518,1,0.6883,0.5987
1518,2,0.4155,0.6805
1519,1,0.4143,0.6830
1519,2,0.7678,0.5804
1520,1,0.4134,0.6768
1520,2,0.8024,0.5459
1521,1,0.7822,0.5227
1521,2,0.4153,0.6745
1521,3,0.6442,0.6845
1522,1,0.7339,0.5002
1522,2,0.4142,0.6717
1523,1,0.4152,0.6765
1524,1,0.4132,0.6775
1525,1,0.4141,0.6734
1525,2,0.6458,0.6823
1525,3,0.5754,0.4393
1526,1,0.4147,0.6683
1527,1,0.4156,0.6696
1527,2,0.6445,0.6818
1528,1,0.4146,0.6704
1528,2,0.6432,0.6786
1529,1,0.4141,0.6687
1529,2,0.6491,0.6737
1530,1,0.4141,0.6768
1531,1,0.4156,0.6638
1532,1,0.4133,0.6711
1533,1,0.4140,0.6721
1534,1,0.4141,0.6698
1535,1,0.4156,0.6723
1536,1,0.4133,0.6746
1536,2,0.6511,0.6763
1537,1,0.4136,0.6765
1537,2,0.6477,0.6832
1538,1,0.4128,0.6733
1538,2,0.6475,0.6689
1539,1,0.6487,0.6638
1539,2,0.4140,0.6732
1540,1,0.4107,0.6665
1541,1,0.6421,0.6819
1541,2,0.4089,0.6692
1542,1,0.4123,0.6746
1542,2,0.6390,0.6447
1543,1,0.4125,0.6688
1544,1,0.4130,0.6738
1545,1,0.4142,0.6666
1548,1,0.4115,0.6781
1550,1,0.4083,0.6682
1551,1,0.4083,0.6682
1552,1,0.4141,0.6685
1552,2,0.6392,0.6450
1553,1,0.4095,0.6766
1554,1,0.4087,0.6868
1554,2,0.2854,0.4544
1555,1,0.2130,0.4596
1555,2,0.4079,0.6933
1556,1,0.4075,0.6944
1556,2,0.1417,0.4664
1557,1,0.7009,0.6730
1557,2,0.4105,0.6958
1558,1,0.7143,0.6460
1558,2,0.4111,0.6960
1559,1,0.7134,0.6542
1559,2,0.4119,0.6950
1559,3,0.5207,0.5371
1560,1,0.6485,0.6728
1560,2,0.4132,0.6972
1561,1,0.4146,0.6994
1561,2,0.6414,0.6843
1562,1,0.4202,0.6985
1562,2,0.6406,0.6839
1563,1,0.4264,0.6995
1563,2,0.6412,0.6834
1564,1,0.4264,0.6995
1564,2,0.6412,0.6834
1565,1,0.4232,0.6926
1565,2,0.6416,0.6838
1566,1,0.6441,0.6855
1566,2,0.4220,0.6889
1567,1,0.6442,0.6837
1567,2,0.4293,0.6817
1568,1,0.6436,0.6849
1568,2,0.4357,0.6884
1569,1,0.6446,0.6850
1569,2,0.4364,0.6791
1570,1,0.6485,0.6834
1570,2,0.4223,0.6794
1571,1,0.6534,0.6858
1572,1,0.4130,0.6876
1572,2,0.6563,0.7003
1573,1,0.6693,0.6943
1573,2,0.4128,0.6917
1574,1,0.6914,0.6979
1574,2,0.4117,0.6920
1575,1,0.6914,0.6979
1575,2,0.4117,0.6920
1576,1,0.7244,0.7099
1576,2,0.4119,0.6952
1577,1,0.7305,0.7121
1577,2,0.4101,0.6984
1578,1,0.4079,0.6928
1578,2,0.7402,0.7016
1579,1,0.7425,0.7036
1580,1,0.3950,0.6994
1580,2,0.7420,0.7049
1581,1,0.3950,0.6994
1581,2,0.7420,0.7049
1582,1,0.7352,0.7145
1583,1,0.7374,0.7259
1584,1,0.7333,0.7329
1584,2,0.4786,0.7316
1585,1,0.4782,0.7314
1585,2,0.7355,0.7345
1586,1,0.4789,0.7350
1586,2,0.7353,0.7331
1587,1,0.4802,0.7199
1587,2,0.7350,0.7349
1588,1,0.4868,0.7230
1588,2,0.7338,0.7327
1589,1,0.4868,0.7230
1589,2,0.7338,0.7327
1590,1,0.4790,0.7253
1590,2,0.7325,0.7241
1591,1,0.7175,0.6836
1592,1,0.4665,0.7208
1592,2,0.7188,0.6811
1593,1,0.7431,0.6971
1594,1,0.3234,0.7110
1594,2,0.7651,0.6874
1595,1,0.3180,0.7305
1595,2,0.7652,0.6799
1596,1,0.3180,0.7305
1596,2,0.7652,0.6799
1597,1,0.3199,0.7314
1598,1,0.3373,0.7086
1599,1,0.3544,0.7116
1600,1,0.7615,0.7054
1600,2,0.3480,0.7403
1601,1,0.3384,0.7672
1601,2,0.7563,0.7046
1602,1,0.3457,0.7623
1603,1,0.3442,0.7648
1604,1,0.3419,0.7674
1605,1,0.3424,0.7667
1606,1,0.3417,0.7694
1606,2,0.7590,0.6785
1607,1,0.7704,0.6754
1610,1,0.4396,0.6421
1610,2,0.7471,0.7340
1611,1,0.4379,0.6435
1611,2,0.7453,0.7310
1612,1,0.4430,0.6329
1612,2,0.7531,0.7286
1613,1,0.4373,0.6415
1613,2,0.7550,0.7257
1614,1,0.4375,0.6437
1614,2,0.7589,0.7135
1615,1,0.4377,0.6459
1616,1,0.4335,0.6467
1616,2,0.7680,0.6784
1617,1,0.4364,0.6495
1617,2,0.7655,0.6812
1618,1,0.4364,0.6495
1618,2,0.7655,0.6812
1619,1,0.4391,0.6449
1619,2,0.7298,0.7284
1621,1,0.7172,0.7144
1622,1,0.7158,0.7065
1623,1,0.7161,0.7175
1624,1,0.7272,0.7059
1626,1,0.7543,0.7080
1627,1,0.7542,0.7002
1628,1,0.7590,0.6975
1628,2,0.3735,0.6451
1629,1,0.7683,0.6792
1630,1,0.7623,0.6866
1630,2,0.2971,0.5237
1631,1,0.2800,0.6662
1631,2,0.7397,0.7148
1632,1,0.2800,0.6662
1632,2,0.7397,0.7148
1633,1,0.2777,0.6773
1633,2,0.7194,0.7343
1634,1,0.2817,0.6764
1634,2,0.7193,0.7356
1635,1,0.2757,0.6775
1635,2,0.7206,0.7369
1636,1,0.2785,0.6715
1636,2,0.7214,0.7287
1637,1,0.2771,0.6706
1637,2,0.7251,0.6828
1638,1,0.2727,0.6739
1638,2,0.7306,0.6729
1639,1,0.7307,0.6736
1639,2,0.2733,0.6766
1640,1,0.2722,0.6742
1640,2,0.7324,0.6745
1641,1,0.2761,0.6761
1641,2,0.7321,0.6793
1642,1,0.2770,0.6665
1642,2,0.7320,0.6798
1643,1,0.2770,0.6665
1643,2,0.7320,0.6798
1644,1,0.2770,0.6665
1644,2,0.7320,0.6798
1645,1,0.2781,0.6669
1645,2,0.6790,0.6718
1646,1,0.2786,0.6707
1646,2,0.6597,0.6859
1647,1,0.2795,0.6740
1647,2,0.6805,0.6923
1648,1,0.2795,0.6740
1648,2,0.6805,0.6923
1649,1,0.7087,0.6722
1650,1,0.7173,0.6705
1651,1,0.7195,0.6742
1651,2,0.2843,0.6783
1652,1,0.7204,0.6743
1653,1,0.7204,0.6743
1654,1,0.7201,0.6764
1655,1,0.7199,0.6742
1656,1,0.7199,0.6742
1657,1,0.7189,0.6743
1658,1,0.7183,0.6764
1659,1,0.7171,0.6757
1659,2,0.0648,0.7846
1660,1,0.7171,0.6757
1660,2,0.0648,0.7846
1661,1,0.7176,0.6743
1661,2,0.0767,0.7604
1661,3,0.2638,0.6441
1662,1,0.2716,0.6293
1662,2,0.7168,0.6684
1662,3,0.0805,0.7574
1663,1,0.2716,0.6293
1663,2,0.7168,0.6684
1663,3,0.0805,0.7574
1664,1,0.1247,0.7462
1664,2,0.2795,0.6157
1664,3,0.7156,0.6648
1665,1,0.1435,0.7437
1665,2,0.7174,0.6508
1666,1,0.1435,0.7437
1666,2,0.7174,0.6508
1667,1,0.1435,0.7437
1667,2,0.7174,0.6508
1668,1,0.1764,0.7088
1668,2,0.7165,0.6639
1669,1,0.1790,0.7271
1669,2,0.7156,0.6697
1670,1,0.7173,0.6692
1670,2,0.1964,0.7128
1671,1,0.7173,0.6692
1671,2,0.1964,0.7128
1672,1,0.2109,0.7160
1672,2,0.7184,0.6692
1673,1,0.7177,0.6683
1674,1,0.7177,0.6683
1675,1,0.7175,0.6641
1675,2,0.2740,0.6862
1676,1,0.7175,0.6641
1676,2,0.2740,0.6862
1677,1,0.7175,0.6641
1677,2,0.2740,0.6862
1678,1,0.7114,0.6627
1679,1,0.3234,0.6815
1679,2,0.7116,0.6601
1680,1,0.7108,0.6588
1681,1,0.3499,0.6774
1681,2,0.1999,0.5429
1681,3,0.7097,0.6590
1682,1,0.3812,0.6667
1682,2,0.7001,0.6572
1683,1,0.1995,0.5563
1683,2,0.4053,0.6463
1683,3,0.6754,0.6273
1684,1,0.1875,0.5321
1684,2,0.4170,0.6362
1684,3,0.6622,0.6127
1685,1,0.4165,0.6467
1685,2,0.1897,0.5230
1685,3,0.6544,0.6094
1686,1,0.4213,0.6310
1686,2,0.1983,0.5565
1686,3,0.6468,0.6038
1687,1,0.4226,0.5891
1687,2,0.6549,0.5939
1688,1,0.4395,0.5717
1688,2,0.6546,0.5911
1689,1,0.1931,0.5294
1689,2,0.4540,0.5545
1689,3,0.6546,0.5926
1690,1,0.1903,0.5456
1690,2,0.4466,0.5465
1690,3,0.6532,0.5928
1691,1,0.1903,0.5456
1691,2,0.4466,0.5465
1691,3,0.6532,0.5928
1692,1,0.4611,0.5479
1692,2,0.6551,0.5910
1693,1,0.4563,0.5452
1693,2,0.6545,0.5939
1694,1,0.4628,0.5443
1694,2,0.6555,0.5929
1695,1,0.4653,0.5446
1695,2,0.2595,0.5281
1695,3,0.6554,0.5940
1696,1,0.4653,0.5446
1696,2,0.2595,0.5281
1696,3,0.6554,0.5940
1697,1,0.4648,0.5470
1697,2,0.6556,0.5948
1698,1,0.4647,0.5464
1698,2,0.6538,0.5931
1699,1,0.4655,0.5463
1699,2,0.6496,0.5939
1700,1,0.4699,0.5451
1700,2,0.6507,0.5954
1701,1,0.4721,0.5455
1701,2,0.6483,0.6002
1702,1,0.4708,0.5448
1702,2,0.6462,0.6221
1703,1,0.4728,0.5357
1703,2,0.2696,0.4978
1704,1,0.4728,0.5357
1704,2,0.2696,0.4978
1705,1,0.7073,0.5175
1705,2,0.4818,0.5376
1706,1,0.7073,0.5175
1706,2,0.4818,0.5376
1707,1,0.7100,0.5049
1707,2,0.4988,0.6507
1708,1,0.2050,0.5648
1708,2,0.7098,0.5040
1708,3,0.4898,0.6635
1709,1,0.4905,0.5851
1709,2,0.7100,0.5070
1709,3,0.1964,0.4981
1710,1,0.7091,0.5191
1710,2,0.4856,0.5503
1711,1,0.7108,0.5361
1711,2,0.2362,0.4707
1711,3,0.4657,0.5218
1712,1,0.4625,0.5220
1712,2,0.7123,0.5355
1713,1,0.4572,0.5332
1713,2,0.7082,0.5382
1714,1,0.7001,0.5265
1714,2,0.4671,0.5283
1715,1,0.7028,0.5320
1715,2,0.4692,0.5230
1716,1,0.6979,0.5367
1716,2,0.4692,0.5293
1717,1,0.1938,0.5743
1717,2,0.4683,0.5293
1717,3,0.6734,0.5312
1718,1,0.6807,0.5275
1718,2,0.1950,0.5463
1718,3,0.4744,0.5295
1719,1,0.6734,0.5374
1719,2,0.4767,0.5333
1720,1,0.6631,0.5215
1720,2,0.4740,0.5354
1721,1,0.4838,0.5440
1721,2,0.6751,0.5286
1722,1,0.4806,0.5467
1722,2,0.6593,0.5315
1723,1,0.6541,0.5382
1723,2,0.4801,0.5474
1723,3,0.3346,0.4652
1724,1,0.6541,0.5382
1724,2,0.4801,0.5474
1724,3,0.3346,0.4652
1725,1,0.4823,0.5451
1725,2,0.6518,0.5330
1726,1,0.6647,0.5340
1726,2,0.4825,0.5469
1727,1,0.4812,0.5488
1727,2,0.6780,0.5347
1728,1,0.4830,0.5431
1728,2,0.6882,0.5235
1729,1,0.4788,0.5466
1729,2,0.6880,0.5236
1730,1,0.4819,0.5471
1730,2,0.6955,0.5313
1731,1,0.4836,0.5471
1731,2,0.7080,0.5252
1731,3,0.2066,0.4047
1732,1,0.4787,0.5466
1732,2,0.7024,0.5228
1733,1,0.4824,0.5424
1733,2,0.1993,0.5892
1733,3,0.7086,0.5318
1734,1,0.4824,0.5424
1734,2,0.1993,0.5892
1734,3,0.7086,0.5318
1735,1,0.4793,0.5365
1735,2,0.7160,0.5162
1736,1,0.4793,0.5365
1736,2,0.7160,0.5162
1737,1,0.7070,0.5229
1737,2,0.4792,0.5413
1738,1,0.4813,0.5367
1738,2,0.7114,0.5206
1739,1,0.4813,0.5367
1739,2,0.7114,0.5206
1740,1,0.4765,0.5429
1740,2,0.7027,0.5238
1741,1,0.4765,0.5429
1741,2,0.7027,0.5238
1742,1,0.4810,0.5397
1742,2,0.7073,0.5227
1743,1,0.4775,0.5426
1743,2,0.6957,0.5288
1744,1,0.4775,0.5426
1744,2,0.6957,0.5288
1745,1,0.4774,0.5433
1745,2,0.6949,0.5299
1746,1,0.4774,0.5433
1746,2,0.6949,0.5299
1747,1,0.4698,0.5380
1747,2,0.1841,0.5096
1747,3,0.7008,0.5321
1748,1,0.4563,0.5378
1748,2,0.6925,0.5194
1749,1,0.4486,0.5282
1749,2,0.6967,0.5403
1750,1,0.4471,0.5432
1750,2,0.7027,0.5403
1751,1,0.4471,0.5481
1751,2,0.7036,0.5387
1752,1,0.4471,0.5481
1752,2,0.7036,0.5387
1753,1,0.4450,0.5427
1753,2,0.6898,0.5290
1754,1,0.6792,0.5271
1754,2,0.4381,0.5344
1755,1,0.4316,0.5368
1755,2,0.2050,0.5749
1755,3,0.6914,0.5358
1756,1,0.4316,0.5368
1756,2,0.2050,0.5749
1756,3,0.6914,0.5358
1757,1,0.6610,0.5453
1757,2,0.4377,0.5350
1758,1,0.6313,0.5382
1758,2,0.4339,0.5327
1759,1,0.6313,0.5382
1759,2,0.4339,0.5327
1760,1,0.6469,0.5424
1760,2,0.2118,0.5681
1760,3,0.4356,0.5348
1761,1,0.6726,0.5389
1761,2,0.2119,0.5654
1761,3,0.4316,0.5316
1762,1,0.6726,0.5389
1762,2,0.2119,0.5654
1762,3,0.4316,0.5316
1763,1,0.6529,0.5322
1763,2,0.4336,0.5315
1764,1,0.6529,0.5322
1764,2,0.4336,0.5315
1765,1,0.2104,0.5581
1765,2,0.6454,0.5331
1765,3,0.4358,0.5303
1766,1,0.6616,0.5403
1766,2,0.2115,0.5623
1766,3,0.4355,0.5291
1767,1,0.6619,0.5400
1767,2,0.4372,0.5322
1768,1,0.6789,0.5303
1768,2,0.4378,0.5211
1769,1,0.6811,0.5506
1769,2,0.4215,0.5012
1770,1,0.6811,0.5506
1770,2,0.4215,0.5012
1771,1,0.6605,0.5800
1771,2,0.2056,0.5019
1771,3,0.4182,0.4862
1772,1,0.6756,0.5436
1772,2,0.2141,0.4567
1772,3,0.3638,0.4602
1773,1,0.6934,0.5547
1773,2,0.3525,0.4686
1773,3,0.2034,0.4588
1774,1,0.6647,0.5496
1774,2,0.2122,0.6124
1774,3,0.3464,0.5203
1775,1,0.6335,0.5540
1775,2,0.2085,0.5243
1775,3,0.3499,0.5853
1776,1,0.1798,0.4694
1776,2,0.3452,0.4858
1776,3,0.6086,0.6100
1777,1,0.1798,0.4694
1777,2,0.3452,0.4858
1777,3,0.6086,0.6100
1778,1,0.6061,0.5554
1778,2,0.3469,0.6305
1778,3,0.2151,0.6163
1779,1,0.6029,0.6393
1779,2,0.1867,0.5190
1779,3,0.3525,0.5520
1780,1,0.6029,0.6393
1780,2,0.1867,0.5190
1780,3,0.3525,0.5520
1781,1,0.2319,0.6097
1781,2,0.5957,0.5909
1781,3,0.3620,0.6174
1782,1,0.1894,0.5019
1782,2,0.5799,0.6979
1782,3,0.3638,0.5345
1783,1,0.2456,0.6467
1783,2,0.5941,0.5968
1783,3,0.3746,0.6236
1784,1,0.2244,0.5260
1784,2,0.5903,0.6410
1784,3,0.3818,0.6127
1785,1,0.5860,0.6262
1785,2,0.3907,0.5611
1785,3,0.2401,0.5395
1786,1,0.5860,0.6262
1786,2,0.3907,0.5611
1786,3,0.2401,0.5395
1787,1,0.2247,0.4972
1787,2,0.3943,0.5072
1787,3,0.6229,0.5668
1788,1,0.2511,0.6471
1788,2,0.4104,0.6618
1788,3,0.6326,0.7037
1789,1,0.2511,0.6471
1789,2,0.4104,0.6618
1789,3,0.6326,0.7037
1790,1,0.4184,0.6196
1790,2,0.2422,0.5828
1790,3,0.6203,0.7202
1791,1,0.4149,0.5952
1791,2,0.2359,0.5886
1791,3,0.6252,0.6655
1792,1,0.4116,0.5457
1792,2,0.6408,0.5895
1792,3,0.2029,0.5048
1793,1,0.4188,0.5295
1793,2,0.6436,0.6090
1793,3,0.2301,0.5264
1794,1,0.4203,0.5687
1794,2,0.6492,0.6126
1794,3,0.1991,0.5200
1795,1,0.4183,0.5274
1795,2,0.1984,0.5033
1795,3,0.6512,0.5893
1796,1,0.4183,0.5274
1796,2,0.1984,0.5033
1796,3,0.6512,0.5893
1797,1,0.4150,0.5283
1797,2,0.6599,0.5754
1797,3,0.1878,0.5085
1798,1,0.4205,0.5523
1798,2,0.6422,0.6646
1798,3,0.2405,0.5567
1799,1,0.6523,0.6588
1799,2,0.2496,0.6127
1799,3,0.4228,0.6291
1800,1,0.4118,0.5527
1800,2,0.6544,0.5975
1800,3,0.2002,0.5163
1801,1,0.4133,0.5272
1801,2,0.2154,0.5199
1801,3,0.6630,0.5724
1802,1,0.4133,0.5272
1802,2,0.2154,0.5199
1802,3,0.6630,0.5724
1803,1,0.2106,0.5357
1803,2,0.4139,0.5722
1803,3,0.6427,0.6375
1804,1,0.2106,0.5357
1804,2,0.4139,0.5722
1804,3,0.6427,0.6375
1805,1,0.4222,0.4946
1805,2,0.2293,0.5658
1805,3,0.6377,0.6983
1806,1,0.4259,0.5780
1806,2,0.6343,0.6526
1807,1,0.4259,0.5780
1807,2,0.6343,0.6526
1808,1,0.4259,0.5780
1808,2,0.6343,0.6526
1809,1,0.4308,0.5671
1809,2,0.6418,0.5812
1810,1,0.4292,0.5577
1810,2,0.2373,0.7402
1810,3,0.6473,0.5831
1811,1,0.4278,0.5516
1811,2,0.2355,0.7382
1811,3,0.6496,0.5811
1812,1,0.4263,0.5454
1812,2,0.2343,0.7434
1812,3,0.6532,0.5834
1813,1,0.4245,0.5426
1813,2,0.2354,0.7448
1813,3,0.6517,0.5821
1814,1,0.4245,0.5426
1814,2,0.2354,0.7448
1814,3,0.6517,0.5821
1815,1,0.2352,0.7572
1815,2,0.4246,0.5533
1815,3,0.6504,0.5832
1816,1,0.2345,0.7505
1816,2,0.4239,0.5529
1816,3,0.6488,0.5833
1817,1,0.2345,0.7505
1817,2,0.4239,0.5529
1817,3,0.6488,0.5833
1818,1,0.4239,0.5537
1818,2,0.2369,0.7440
1818,3,0.6494,0.5834
1819,1,0.4260,0.5555
1819,2,0.2365,0.7485
1819,3,0.6508,0.5835
1820,1,0.2362,0.7502
1820,2,0.4255,0.5514
1820,3,0.6512,0.5831
1821,1,0.2362,0.7502
1821,2,0.4255,0.5514
1821,3,0.6512,0.5831
1822,1,0.2361,0.7490
1822,2,0.6493,0.5835
1822,3,0.4271,0.5505
1823,1,0.6460,0.5831
1823,2,0.2341,0.7535
1823,3,0.4261,0.5512
1824,1,0.6465,0.5827
1824,2,0.4257,0.5432
1824,3,0.2361,0.7520
1825,1,0.6465,0.5827
1825,2,0.4257,0.5432
1825,3,0.2361,0.7520
1826,1,0.4260,0.5295
1826,2,0.6478,0.5844
1826,3,0.2358,0.7573
1827,1,0.4267,0.5245
1827,2,0.6464,0.5844
1827,3,0.2338,0.7570
1828,1,0.4299,0.5258
1828,2,0.2327,0.7572
1828,3,0.6451,0.5837
1829,1,0.4303,0.5223
1829,2,0.2315,0.7594
1829,3,0.6448,0.5834
1830,1,0.4287,0.5233
1830,2,0.2323,0.7547
1830,3,0.6442,0.5838
1831,1,0.4288,0.5231
1831,2,0.2321,0.7583
1831,3,0.6440,0.5836
1832,1,0.4293,0.5233
1832,2,0.2340,0.7583
1832,3,0.6441,0.5837
1833,1,0.4285,0.5269
1833,2,0.2338,0.7572
1833,3,0.6447,0.5836
1834,1,0.4300,0.5267
1834,2,0.2345,0.7569
1834,3,0.6457,0.5832
1835,1,0.4301,0.5293
1835,2,0.2342,0.7597
1835,3,0.6463,0.5847
1836,1,0.4304,0.5297
1836,2,0.2367,0.7594
1836,3,0.6446,0.5839
1837,1,0.4309,0.5299
1837,2,0.6443,0.5830
1838,1,0.4309,0.5299
1838,2,0.6443,0.5830
1839,1,0.4299,0.5280
1839,2,0.2369,0.7588
1839,3,0.6439,0.5842
1840,1,0.4299,0.5289
1840,2,0.2372,0.7606
1840,3,0.6445,0.5833
1841,1,0.4299,0.5289
1841,2,0.2372,0.7606
1841,3,0.6445,0.5833
1842,1,0.4311,0.5321
1842,2,0.2361,0.7617
1842,3,0.6470,0.5857
1843,1,0.4312,0.5319
1843,2,0.2360,0.7603
1843,3,0.6465,0.5843
1844,1,0.4311,0.5310
1844,2,0.2354,0.7598
1844,3,0.6470,0.5849
1845,1,0.4310,0.5324
1845,2,0.2378,0.7567
1845,3,0.6476,0.5850
1846,1,0.2369,0.7593
1846,2,0.4310,0.5314
1846,3,0.6467,0.5848
1847,1,0.2369,0.7593
1847,2,0.4310,0.5314
1847,3,0.6467,0.5848
1848,1,0.2366,0.7610
1848,2,0.4311,0.5320
1848,3,0.6472,0.5853
1849,1,0.2389,0.7620
1849,2,0.4315,0.5319
1849,3,0.6470,0.5852
1850,1,0.2389,0.7629
1850,2,0.4312,0.5337
1850,3,0.6478,0.5851
1851,1,0.2387,0.7616
1851,2,0.4310,0.5313
1851,3,0.6467,0.5848
1852,1,0.4307,0.5328
1852,2,0.6468,0.5851
1852,3,0.2289,0.7558
1853,1,0.4234,0.6434
1853,2,0.6472,0.5846
1853,3,0.1761,0.7335
1854,1,0.4234,0.6434
1854,2,0.6472,0.5846
1854,3,0.1761,0.7335
1855,1,0.3643,0.6915
1855,2,0.1526,0.6686
1855,3,0.6481,0.5837
1856,1,0.1611,0.6892
1856,2,0.6477,0.5855
1856,3,0.3681,0.6871
1857,1,0.6472,0.5848
1857,2,0.1490,0.6860
1857,3,0.3811,0.7277
1858,1,0.6472,0.5848
1858,2,0.1490,0.6860
1858,3,0.3811,0.7277
1859,1,0.3820,0.7376
1859,2,0.6470,0.5851
1860,1,0.6482,0.5854
1860,2,0.3809,0.7454
1861,1,0.6482,0.5842
1861,2,0.3819,0.7483
1862,1,0.6491,0.5845
1863,1,0.6473,0.5810
1864,1,0.3780,0.7451
1865,1,0.6516,0.5753
1865,2,0.3907,0.7342
1866,1,0.7855,0.7891
1866,2,0.6493,0.5793
1866,3,0.3935,0.7357
1867,1,0.7981,0.7902
1867,2,0.6495,0.5809
1867,3,0.3980,0.7316
1868,1,0.7936,0.7890
1868,2,0.6505,0.5809
1868,3,0.3986,0.7326
1869,1,0.7858,0.7917
1869,2,0.6514,0.5818
1869,3,0.3987,0.7293
1870,1,0.6510,0.5827
1870,2,0.3985,0.7338
1871,1,0.6494,0.5813
1871,2,0.3990,0.7332
1872,1,0.6491,0.5849
1872,2,0.3978,0.7192
1873,1,0.6516,0.5828
1873,2,0.3992,0.7134
1874,1,0.6537,0.5784
1874,2,0.3996,0.7074
1875,1,0.6533,0.5769
1875,2,0.4002,0.7067
1876,1,0.6539,0.5759
1876,2,0.4016,0.7060
1877,1,0.6554,0.5872
1877,2,0.3995,0.7081
1878,1,0.6554,0.5872
1878,2,0.3995,0.7081
1879,1,0.6555,0.5956
1879,2,0.4002,0.7081
1880,1,0.6555,0.5956
1880,2,0.4002,0.7081
1881,1,0.3990,0.7092
1881,2,0.6553,0.5995
1882,1,0.7898,0.7643
1882,2,0.6542,0.5950
1882,3,0.3991,0.7077
1883,1,0.6538,0.5958
1883,2,0.3985,0.7080
1884,1,0.6533,0.5968
1884,2,0.3984,0.7072
1885,1,0.6533,0.5968
1885,2,0.3984,0.7072
1886,1,0.3981,0.7081
1886,2,0.6536,0.5970
1887,1,0.3978,0.7079
1887,2,0.6528,0.5988
1888,1,0.3990,0.7063
1888,2,0.6514,0.6005
1889,1,0.3990,0.7063
1889,2,0.6514,0.6005
1890,1,0.6520,0.6008
1890,2,0.3991,0.7059
1891,1,0.6520,0.6008
1891,2,0.3991,0.7059
1892,1,0.6520,0.6008
1892,2,0.3991,0.7059
1893,1,0.6521,0.6034
1893,2,0.3998,0.7056
1894,1,0.6504,0.6054
1894,2,0.3994,0.7070
1895,1,0.6504,0.6054
1895,2,0.3994,0.7070
1896,1,0.6480,0.6094
1896,2,0.3993,0.7068
1897,1,0.6477,0.6121
1897,2,0.4002,0.7073
1898,1,0.6481,0.6127
1898,2,0.4005,0.7070
1899,1,0.6481,0.6127
1899,2,0.4005,0.7070
1900,1,0.6480,0.6121
1900,2,0.4000,0.7073
1901,1,0.6459,0.6160
1901,2,0.3998,0.7085
1902,1,0.6455,0.6173
1902,2,0.3996,0.7079
1903,1,0.6442,0.6180
1903,2,0.4001,0.7078
1904,1,0.6442,0.6180
1904,2,0.4001,0.7078
1905,1,0.7939,0.7911
1905,2,0.6443,0.6215
1905,3,0.4002,0.7085
1906,1,0.7919,0.7907
1906,2,0.6461,0.6240
1906,3,0.4007,0.7076
1907,1,0.6453,0.6268
1907,2,0.4003,0.7065
1908,1,0.6452,0.6252
1908,2,0.4009,0.7045
1909,1,0.6456,0.6280
1909,2,0.4014,0.7037
1910,1,0.6456,0.6280
1910,2,0.4014,0.7037
1911,1,0.6416,0.6355
1911,2,0.4003,0.7017
1912,1,0.6416,0.6355
1912,2,0.4003,0.7017
1913,1,0.7847,0.7869
1913,2,0.6429,0.6426
1913,3,0.4004,0.7028
1914,1,0.7847,0.7858
1914,2,0.6438,0.6445
1914,3,0.4024,0.7039
1915,1,0.6446,0.6445
1916,1,0.6440,0.6521
1916,2,0.4079,0.7029
1917,1,0.7836,0.7837
1917,2,0.6447,0.6506
1917,3,0.4162,0.7041
1918,1,0.7836,0.7837
1918,2,0.6447,0.6506
1918,3,0.4162,0.7041
1919,1,0.4178,0.6615
1920,1,0.4178,0.6615
1921,1,0.4765,0.6037
1921,2,0.6453,0.6218
1922,1,0.9169,0.7243
1922,2,0.5041,0.5631
1922,3,0.6473,0.6227
1923,1,0.6380,0.6051
1923,2,0.5345,0.5745
1924,1,0.5377,0.5811
1924,2,0.6320,0.5959
1925,1,0.5377,0.5811
1925,2,0.6320,0.5959
1926,1,0.5403,0.5797
1926,2,0.6318,0.5965
1927,1,0.6296,0.5905
1927,2,0.5393,0.5732
1928,1,0.5395,0.5603
1928,2,0.6365,0.5865
1928,3,0.9522,0.5892
1929,1,0.6419,0.5866
1929,2,0.5451,0.5518
1929,3,0.8974,0.5559
1930,1,0.6403,0.5813
1930,2,0.8348,0.5330
1930,3,0.5525,0.5519
1931,1,0.6403,0.5813
1931,2,0.8348,0.5330
1931,3,0.5525,0.5519
1932,1,0.5585,0.5460
1932,2,0.7746,0.5224
1932,3,0.6424,0.5774
1933,1,0.5585,0.5460
1933,2,0.7746,0.5224
1933,3,0.6424,0.5774
1934,1,0.6557,0.5672
1935,1,0.7079,0.5517
1936,1,0.7079,0.5517
1937,1,0.7112,0.5585
1938,1,0.6474,0.5789
1939,1,0.4129,0.4501
1939,2,0.7049,0.5773
1940,1,0.3472,0.4462
1941,1,0.3472,0.4462
1942,1,0.3472,0.4462
1943,1,0.2042,0.4354
1943,2,0.6608,0.5794
1944,1,0.2042,0.4354
1944,2,0.6608,0.5794
1945,1,0.0546,0.4383
1947,1,0.6839,0.5697
1948,1,0.7227,0.5682
1948,2,0.6507,0.5900
1949,1,0.7227,0.5682
1949,2,0.6507,0.5900
1950,1,0.7278,0.5629
1951,1,0.7278,0.5629
1952,1,0.7691,0.5317
1952,2,0.6356,0.5894
1953,1,0.8480,0.5250
1953,2,0.6387,0.5884
1954,1,0.6385,0.5860
1954,2,0.9484,0.5250
1955,1,0.6385,0.5860
1955,2,0.9484,0.5250
1956,1,0.6388,0.5846
1957,1,0.6342,0.5857
1958,1,0.6337,0.6155
1959,1,0.6337,0.6155
1960,1,0.8223,0.7249
1960,2,0.8998,0.5290
1960,3,0.6359,0.5870
1961,1,0.6370,0.5841
1962,1,0.6374,0.5837
1962,2,0.8496,0.5574
1963,1,0.6384,0.5834
1963,2,0.8960,0.5818
1964,1,0.6403,0.5830
1964,2,0.9161,0.6283
1965,1,0.6403,0.5830
1965,2,0.9161,0.6283
1966,1,0.6385,0.5904
1966,2,0.0611,0.6950
1966,3,0.9048,0.6330
1967,1,0.6403,0.5869
1967,2,0.0646,0.6963
1967,3,0.9105,0.6287
1968,1,0.0751,0.7020
1968,2,0.6462,0.5805
1968,3,0.9125,0.6261
1969,1,0.0772,0.6950
1969,2,0.6475,0.5730
1970,1,0.0841,0.6933
1970,2,0.6478,0.5679
1970,3,0.9015,0.6177
1971,1,0.6460,0.5723
1971,2,0.0835,0.7015
1971,3,0.8908,0.6224
1972,1,0.6467,0.5729
1972,2,0.0832,0.6990
1972,3,0.8908,0.6226
1973,1,0.0865,0.6906
1973,2,0.6452,0.5729
1974,1,0.0865,0.6906
1974,2,0.6452,0.5729
1975,1,0.0952,0.6871
1975,2,0.6433,0.5750
1975,3,0.7832,0.6352
1975,4,0.8869,0.6376
1976,1,0.4677,0.5908
1976,2,0.6419,0.5763
1976,3,0.8970,0.6087
1976,4,0.0983,0.6872
1977,1,0.4677,0.5908
1977,2,0.6419,0.5763
1977,3,0.8970,0.6087
1977,4,0.0983,0.6872
1978,1,0.6374,0.5804
1978,2,0.8015,0.5499
1979,1,0.6367,0.5747
1979,2,0.7559,0.5250
1981,1,0.6394,0.5772
1982,1,0.6394,0.5772
1983,1,0.6384,0.5770
1983,2,0.1711,0.6871
1984,1,0.6389,0.5730
1984,2,0.5464,0.4848
1985,1,0.6400,0.5763
1986,1,0.6400,0.5763
1987,1,0.6409,0.5753
1987,2,0.1610,0.6389
1987,3,0.4998,0.4759
1988,1,0.6409,0.5753
1988,2,0.1610,0.6389
1988,3,0.4998,0.4759
1989,1,0.6400,0.5804
1989,2,0.1412,0.4761
1989,3,0.4785,0.5233
1990,1,0.6404,0.5809
1990,2,0.0677,0.7026
1990,3,0.1376,0.4512
1990,4,0.4740,0.5413
1991,1,0.6389,0.5840
1991,2,0.4716,0.5841
1991,3,0.1734,0.4337
1992,1,0.6528,0.5800
1992,2,0.4550,0.6783
1992,3,0.2529,0.5751
1993,1,0.6533,0.5782
1994,1,0.6533,0.5782
1995,1,0.6477,0.5818
1996,1,0.6448,0.5814
1997,1,0.6422,0.5822
1997,2,0.4458,0.6879
1998,1,0.6422,0.5822
1998,2,0.4458,0.6879
1999,1,0.6388,0.5753
1999,2,0.4521,0.6879
1999,3,0.2947,0.5415
2000,1,0.6388,0.5753
2000,2,0.4521,0.6879
2000,3,0.2947,0.5415
2001,1,0.6409,0.5763
2001,2,0.0920,0.6938
2001,3,0.4519,0.6887
2001,4,0.2893,0.4321
2002,1,0.6412,0.5727
2002,2,0.4520,0.6920
2002,3,0.0909,0.6926
2002,4,0.2810,0.4309
2003,1,0.6414,0.5749
2003,2,0.4503,0.6869
2003,3,0.0924,0.7000
2003,4,0.2837,0.4291
2004,1,0.6433,0.5773
2004,2,0.0874,0.6981
2004,3,0.4510,0.6831
2004,4,0.2825,0.4297
2005,1,0.6398,0.5749
2005,2,0.4535,0.6912
2005,3,0.0914,0.7047
2005,4,0.2807,0.4324
2006,1,0.6398,0.5749
2006,2,0.4535,0.6912
2006,3,0.0914,0.7047
2006,4,0.2807,0.4324
2007,1,0.4513,0.6809
2007,2,0.0953,0.7023
2007,3,0.6254,0.5750
2007,4,0.2805,0.4341
2008,1,0.5969,0.5829
2008,2,0.4490,0.6889
2008,3,0.0988,0.6975
2008,4,0.2807,0.4378
2009,1,0.4480,0.6864
2009,2,0.6011,0.5752
2009,3,0.2812,0.4361
2010,1,0.4480,0.6864
2010,2,0.6011,0.5752
2010,3,0.2812,0.4361
2011,1,0.5990,0.5770
2011,2,0.0908,0.7029
2011,3,0.4498,0.6958
2011,4,0.2829,0.4378
2012,1,0.5896,0.5803
2012,2,0.2853,0.4418
2012,3,0.0916,0.7043
2013,1,0.5921,0.5827
2013,2,0.0928,0.6953
2013,3,0.2979,0.4475
2014,1,0.5852,0.5819
2014,2,0.0931,0.6908
2015,1,0.5852,0.5819
2015,2,0.0931,0.6908
2016,1,0.5897,0.5775
2016,2,0.3657,0.4917
2017,1,0.5885,0.5780
2017,2,0.0898,0.7094
2017,3,0.3776,0.5570
2018,1,0.5885,0.5780
2018,2,0.0898,0.7094
2018,3,0.3776,0.5570
2019,1,0.5885,0.5780
2019,2,0.0898,0.7094
2019,3,0.3776,0.5570
2020,1,0.5886,0.5789
2021,1,0.5886,0.5789
2022,1,0.5864,0.5810
2023,1,0.5864,0.5810
2024,1,0.5858,0.5790
2024,2,0.0884,0.7117
2025,1,0.5849,0.5830
2025,2,0.0876,0.6921
2026,1,0.5888,0.5812
2026,2,0.0904,0.7038
2027,1,0.5880,0.5750
2027,2,0.0889,0.6960
2028,1,0.5880,0.5750
2028,2,0.0889,0.6960
2029,1,0.5869,0.5732
2029,2,0.0851,0.6882
2030,1,0.5869,0.5732
2030,2,0.0851,0.6882
2031,1,0.5836,0.5750
2032,1,0.5847,0.5709
2033,1,0.5847,0.5709
2034,1,0.5826,0.5760
2034,2,0.4783,0.6547
2034,3,0.0896,0.6999
2035,1,0.5826,0.5760
2035,2,0.4783,0.6547
2035,3,0.0896,0.6999
2036,1,0.5825,0.5767
2036,2,0.0911,0.6848
2037,1,0.5807,0.5796
2037,2,0.4770,0.6793
2037,3,0.0903,0.6780
2038,1,0.5794,0.5794
2038,2,0.0956,0.6844
2039,1,0.4730,0.7262
2039,2,0.0982,0.6889
2039,3,0.5828,0.5780
2040,1,0.5818,0.5792
2040,2,0.4790,0.7139
2040,3,0.0968,0.6854
2041,1,0.5820,0.5752
2041,2,0.4748,0.6861
2041,3,0.0987,0.6905
2042,1,0.5818,0.5748
2042,2,0.1013,0.6938
2043,1,0.5818,0.5748
2043,2,0.1013,0.6938
2044,1,0.5852,0.5834
2044,2,0.0981,0.6867
2045,1,0.5857,0.5858
2045,2,0.1004,0.6851
2046,1,0.5857,0.5858
2046,2,0.1004,0.6851
2047,1,0.5857,0.5835
2047,2,0.1045,0.6884
2048,1,0.5865,0.5839
2048,2,0.1022,0.6885
2049,1,0.5843,0.5867
2049,2,0.1013,0.6881
2050,1,0.4769,0.5804
2050,2,0.5830,0.5809
2050,3,0.1016,0.6866
2051,1,0.4769,0.5804
2051,2,0.5830,0.5809
2051,3,0.1016,0.6866
2052,1,0.4760,0.5730
2052,2,0.5829,0.5795
2052,3,0.1058,0.6903
2053,1,0.5844,0.5813
2053,2,0.1033,0.6870
2054,1,0.5844,0.5813
2054,2,0.1033,0.6870
2055,1,0.4744,0.5769
2055,2,0.1083,0.6894
2056,1,0.4863,0.5779
2056,2,0.1058,0.6854
2057,1,0.4863,0.5779
2057,2,0.1058,0.6854
2058,1,0.4787,0.5809
2058,2,0.1089,0.6884
2059,1,0.4908,0.5791
2059,2,0.1090,0.6889
2060,1,0.4952,0.5796
2060,2,0.1037,0.6893
2061,1,0.4869,0.5795
2061,2,0.1084,0.6956
2061,3,0.7098,0.7309
2062,1,0.4947,0.5777
2062,2,0.7532,0.7403
2062,3,0.1047,0.6912
2063,1,0.4947,0.5777
2063,2,0.7532,0.7403
2063,3,0.1047,0.6912
2064,1,0.7827,0.7813
2064,2,0.4968,0.5766
2064,3,0.1063,0.6926
2064,4,0.5788,0.5688
2065,1,0.4778,0.5777
2065,2,0.1050,0.6912
2065,3,0.5705,0.5591
2065,4,0.8041,0.8232
2066,1,0.1038,0.7016
2066,2,0.5546,0.5750
2066,3,0.4700,0.5824
2066,4,0.8012,0.8334
2067,1,0.1038,0.7016
2067,2,0.5546,0.5750
2067,3,0.4700,0.5824
2067,4,0.8012,0.8334
2068,1,0.1059,0.6975
2068,2,0.5667,0.5633
2068,3,0.7984,0.8228
2068,4,0.4581,0.5853
2069,1,0.1060,0.6986
2069,2,0.4644,0.5815
2069,3,0.5571,0.5714
2069,4,0.7993,0.8246
2070,1,0.1030,0.7027
2070,2,0.7992,0.8294
2070,3,0.4705,0.5852
2070,4,0.5733,0.5637
2071,1,0.1024,0.7050
2071,2,0.5724,0.5731
2071,3,0.4715,0.5823
2071,4,0.8000,0.8247
2072,1,0.7983,0.8127
2072,2,0.5121,0.5727
2072,3,0.0987,0.7136
2072,4,0.5781,0.5885
2073,1,0.7983,0.8127
2073,2,0.5121,0.5727
2073,3,0.0987,0.7136
2073,4,0.5781,0.5885
2074,1,0.7941,0.7808
2074,2,0.5434,0.5704
2074,3,0.0986,0.7050
2075,1,0.5395,0.5629
2075,2,0.7935,0.7660
2075,3,0.0970,0.7003
2076,1,0.5418,0.5629
2076,2,0.0972,0.7041
2076,3,0.7892,0.7182
2077,1,0.7770,0.7171
2077,2,0.0988,0.7073
2077,3,0.5468,0.5807
2078,1,0.5439,0.5771
2078,2,0.7766,0.6964
2078,3,0.1006,0.6991
2079,1,0.5439,0.5771
2079,2,0.7766,0.6964
2079,3,0.1006,0.6991
2080,1,0.1020,0.7011
2080,2,0.7827,0.6875
2080,3,0.5660,0.5681
2081,1,0.1051,0.6993
2081,2,0.5748,0.5607
2081,3,0.4794,0.5908
2081,4,0.7862,0.5849
2082,1,0.7948,0.5470
2082,2,0.1045,0.6982
2082,3,0.5792,0.5680
2083,1,0.7876,0.5418
2083,2,0.6044,0.5576
2083,3,0.1003,0.6850
2084,1,0.7876,0.5418
2084,2,0.6044,0.5576
2084,3,0.1003,0.6850
2085,1,0.0967,0.6968
2085,2,0.6268,0.5504
2085,3,0.7830,0.5367
2086,1,0.0988,0.6935
2086,2,0.6277,0.5481
2086,3,0.7836,0.5366
2087,1,0.0971,0.6920
2087,2,0.7805,0.5356
2087,3,0.6395,0.5535
2088,1,0.7771,0.5335
2088,2,0.0992,0.6856
2088,3,0.6521,0.5447
2089,1,0.6630,0.5404
2089,2,0.7797,0.5374
2089,3,0.5336,0.5524
2089,4,0.0997,0.7081
2090,1,0.6731,0.5437
2090,2,0.7805,0.5414
2090,3,0.0974,0.7073
2090,4,0.5750,0.5602
2091,1,0.6731,0.5437
2091,2,0.7805,0.5414
2091,3,0.0974,0.7073
2091,4,0.5750,0.5602
2092,1,0.5771,0.5526
2092,2,0.6832,0.5515
2092,3,0.7817,0.5354
2092,4,0.0984,0.7102
2093,1,0.6960,0.5461
2093,2,0.1020,0.7055
2093,3,0.7842,0.5366
2094,1,0.1034,0.7079
2094,2,0.5689,0.5693
2094,3,0.7801,0.5390
2094,4,0.7045,0.5487
2095,1,0.1072,0.7120
2095,2,0.7024,0.5481
2095,3,0.5843,0.5484
2095,4,0.7800,0.5389
2096,1,0.1066,0.7180
2096,2,0.5950,0.5531
2096,3,0.7025,0.5480
2096,4,0.7822,0.5370
2097,1,0.1030,0.7102
2097,2,0.7033,0.5490
2097,3,0.5835,0.5473
2098,1,0.1030,0.7102
2098,2,0.7033,0.5490
2098,3,0.5835,0.5473
2099,1,0.1081,0.7159
2099,2,0.5632,0.5593
2099,3,0.7074,0.5484
2100,1,0.1080,0.7143
2100,2,0.5817,0.5578
2100,3,0.7106,0.5442
2100,4,0.7764,0.5381
2101,1,0.1028,0.7103
2101,2,0.5962,0.5641
2101,3,0.7750,0.5388
2102,1,0.5883,0.5488
2102,2,0.1063,0.7089
2102,3,0.7205,0.5449
2102,4,0.7800,0.5421
2103,1,0.5747,0.5509
2103,2,0.7829,0.5455
2103,3,0.1017,0.7094
2103,4,0.7208,0.5463
2104,1,0.5747,0.5509
2104,2,0.7829,0.5455
2104,3,0.1017,0.7094
2104,4,0.7208,0.5463
2105,1,0.5703,0.5468
2105,2,0.7201,0.5404
2105,3,0.1042,0.7111
2105,4,0.7787,0.5435
2106,1,0.5703,0.5468
2106,2,0.7201,0.5404
2106,3,0.1042,0.7111
2106,4,0.7787,0.5435
2107,1,0.5751,0.5455
2107,2,0.7220,0.5410
2107,3,0.1019,0.7099
2107,4,0.7758,0.5422
2108,1,0.5683,0.5488
2108,2,0.1001,0.7086
2108,3,0.7776,0.5436
2109,1,0.1006,0.7121
2109,2,0.7764,0.5382
2110,1,0.1006,0.7121
2110,2,0.7764,0.5382
2111,1,0.4855,0.5646
2111,2,0.0975,0.7136
2111,3,0.7299,0.5413
2112,1,0.4855,0.5646
2112,2,0.0975,0.7136
2112,3,0.7299,0.5413
2113,1,0.4244,0.5443
2113,2,0.0976,0.7077
2113,3,0.7272,0.5396
2113,4,0.7688,0.5383
2114,1,0.4045,0.5471
2114,2,0.0954,0.7092
2114,3,0.7247,0.5359
2115,1,0.0960,0.7110
2115,2,0.4110,0.5560
2116,1,0.3831,0.5488
2116,2,0.0934,0.7163
2116,3,0.7804,0.5379
2117,1,0.3290,0.5448
2117,2,0.0909,0.7097
2118,1,0.2972,0.5401
2118,2,0.0936,0.7119
2118,3,0.7748,0.5247
2119,1,0.0910,0.7168
2119,2,0.2944,0.5593
2119,3,0.7724,0.5287
2120,1,0.2724,0.5763
2120,2,0.0915,0.7157
2121,1,0.2724,0.5763
2121,2,0.0915,0.7157
2122,1,0.2232,0.5742
2123,1,0.2232,0.5742
2124,1,0.2172,0.5755
2124,2,0.0909,0.7141
2124,3,0.7804,0.5345
2124,4,0.7517,0.5311
2125,1,0.2165,0.5772
2125,2,0.7785,0.5336
2125,3,0.0892,0.7183
2126,1,0.2165,0.5772
2126,2,0.7785,0.5336
2126,3,0.0892,0.7183
2127,1,0.2181,0.5766
2127,2,0.0785,0.7156
2128,1,0.2024,0.5828
2128,2,0.0752,0.7197
2130,1,0.0761,0.7185
2131,1,0.0786,0.7086
2132,1,0.0795,0.7137
2132,2,0.7584,0.5337
2133,1,0.0833,0.7082
2133,2,0.7545,0.5311
2134,1,0.0833,0.7082
2134,2,0.7545,0.5311
2135,1,0.7407,0.5489
2135,2,0.1889,0.7054
2135,3,0.0816,0.7169
2136,1,0.7305,0.5468
2136,2,0.0802,0.7210
2136,3,0.1901,0.7018
2137,1,0.1932,0.6936
2137,2,0.7308,0.5517
2137,3,0.0819,0.7219
2138,1,0.1898,0.6824
2138,2,0.0797,0.7195
2138,3,0.7283,0.5536
2139,1,0.1905,0.6922
2139,2,0.7266,0.5449
2139,3,0.0805,0.7199
2140,1,0.1966,0.6931
2140,2,0.7200,0.5417
2140,3,0.0799,0.7234
2141,1,0.1945,0.6968
2141,2,0.0796,0.7242
2142,1,0.0818,0.7171
2142,2,0.1941,0.6973
2142,3,0.7059,0.5368
2143,1,0.1904,0.6901
2143,2,0.0778,0.7129
2143,3,0.7082,0.5388
2144,1,0.1921,0.7052
2144,2,0.0837,0.7115
2144,3,0.7098,0.5333
2145,1,0.2014,0.7029
2145,2,0.6997,0.5270
2145,3,0.0827,0.7116
2146,1,0.2024,0.6998
2146,2,0.0816,0.7098
2146,3,0.6969,0.5258
2147,1,0.2158,0.6824
2147,2,0.0833,0.7090
2147,3,0.6979,0.5287
2148,1,0.2203,0.6868
2148,2,0.6913,0.5284
2148,3,0.0839,0.7061
2149,1,0.6944,0.5307
2149,2,0.2258,0.6677
2149,3,0.0834,0.7035
2150,1,0.2181,0.6856
2150,2,0.6968,0.5403
2150,3,0.0813,0.7058
2151,1,0.2154,0.6856
2151,2,0.0824,0.7066
2151,3,0.6964,0.5417
2152,1,0.2014,0.6847
2152,2,0.7027,0.5434
2152,3,0.0808,0.7061
2153,1,0.7055,0.5505
2153,2,0.1975,0.6827
2153,3,0.0822,0.7005
2154,1,0.2041,0.6960
2154,2,0.7014,0.5491
2154,3,0.0798,0.7045
2155,1,0.2015,0.6850
2155,2,0.6987,0.5536
2155,3,0.0818,0.6994
2156,1,0.2028,0.6849
2156,2,0.6979,0.5618
2156,3,0.0811,0.7026
2157,1,0.2028,0.6849
2157,2,0.6979,0.5618
2157,3,0.0811,0.7026
2158,1,0.7012,0.5634
2158,2,0.1959,0.7014
2158,3,0.0816,0.7020
2159,1,0.7012,0.5634
2159,2,0.1959,0.7014
2159,3,0.0816,0.7020
2160,1,0.1877,0.7130
2160,2,0.0823,0.7001
2161,1,0.1877,0.7130
2161,2,0.0823,0.7001
2162,1,0.1942,0.7212
2162,2,0.0840,0.6989
2163,1,0.1961,0.7229
2163,2,0.0839,0.7006
2164,1,0.1956,0.7182
2164,2,0.0844,0.6992
2165,1,0.1932,0.7136
2165,2,0.0830,0.7010
2166,1,0.1932,0.7136
2166,2,0.0830,0.7010
2167,1,0.1932,0.7114
2167,2,0.0831,0.6984
2168,1,0.1932,0.7114
2168,2,0.0831,0.6984
2169,1,0.1926,0.7160
2169,2,0.7142,0.5842
2169,3,0.7935,0.5714
2169,4,0.0828,0.7015
2170,1,0.1891,0.7223
2170,2,0.0828,0.7014
2170,3,0.8034,0.5642
2171,1,0.1932,0.7240
2171,2,0.8093,0.5487
2171,3,0.0834,0.7004
2172,1,0.8141,0.5364
2172,2,0.7267,0.5774
2172,3,0.0855,0.7027
2172,4,0.2055,0.7189
2173,1,0.2113,0.7267
2173,2,0.8129,0.5305
2173,3,0.0836,0.7009
2174,1,0.2113,0.7267
2174,2,0.8129,0.5305
2174,3,0.0836,0.7009
2175,1,0.2160,0.7335
2175,2,0.0847,0.7036
2175,3,0.8118,0.5246
2176,1,0.2187,0.7450
2176,2,0.0838,0.7102
2177,1,0.2187,0.7450
2177,2,0.0838,0.7102
2178,1,0.2122,0.7606
2178,2,0.8118,0.5315
2178,3,0.0862,0.7062
2178,4,0.7562,0.5338
2179,1,0.2106,0.7624
2179,2,0.0865,0.7090
2180,1,0.2112,0.7581
2180,2,0.0827,0.7064
2180,3,0.7851,0.5245
2181,1,0.2122,0.7606
2181,2,0.0836,0.7083
2182,1,0.2122,0.7606
2182,2,0.0836,0.7083
2183,1,0.0857,0.7062
2184,1,0.0978,0.7088
2184,2,0.7809,0.5415
2185,1,0.1014,0.7034
2185,2,0.7752,0.5481
2185,3,0.2189,0.7137
2186,1,0.1052,0.7055
2186,2,0.7618,0.5465
2186,3,0.2170,0.7320
2187,1,0.1052,0.7055
2187,2,0.7618,0.5465
2187,3,0.2170,0.7320
2188,1,0.1926,0.7179
2188,2,0.0903,0.7071
2188,3,0.7498,0.5475
2189,1,0.1980,0.7048
2189,2,0.0912,0.6976
2189,3,0.7481,0.5481
2190,1,0.1980,0.7048
2190,2,0.0912,0.6976
2190,3,0.7481,0.5481
2191,1,0.0869,0.7063
2191,2,0.1907,0.7097
2191,3,0.7438,0.5434
2192,1,0.0869,0.7063
2192,2,0.1907,0.7097
2192,3,0.7438,0.5434
2193,1,0.7438,0.5555
2193,2,0.2022,0.7194
2193,3,0.0870,0.7018
2194,1,0.7438,0.5555
2194,2,0.2022,0.7194
2194,3,0.0870,0.7018
2195,1,0.0885,0.7057
2195,2,0.2116,0.7132
2196,1,0.0877,0.7050
2196,2,0.2104,0.7129
2197,1,0.0877,0.7050
2197,2,0.2104,0.7129
2198,1,0.2123,0.7150
2198,2,0.0854,0.6977
2198,3,0.7286,0.5318
2199,1,0.2116,0.7066
2199,2,0.7370,0.5410
2199,3,0.0937,0.7125
2200,1,0.0853,0.7101
2200,2,0.2120,0.7222
2200,3,0.7482,0.5429
2201,1,0.0872,0.7100
2201,2,0.2076,0.7231
2201,3,0.7495,0.5391
2202,1,0.0869,0.7056
2202,2,0.7326,0.5182
2203,1,0.0883,0.7067
2203,2,0.7252,0.5292
2203,3,0.2071,0.7354
2204,1,0.0859,0.7083
2205,1,0.0905,0.7074
2205,2,0.7374,0.5340
2206,1,0.0964,0.7159
2207,1,0.0918,0.7135
2208,1,0.0918,0.7135
2209,1,0.0897,0.7133
2209,2,0.2137,0.7293
2210,1,0.0890,0.7122
2210,2,0.2118,0.7300
2211,1,0.0877,0.7115
2211,2,0.2121,0.7296
2211,3,0.7418,0.5323
2212,1,0.0874,0.7136
2212,2,0.2121,0.7323
2212,3,0.6931,0.5229
2212,4,0.7419,0.5390
2213,1,0.0859,0.7141
2213,2,0.2095,0.7345
2213,3,0.6875,0.5257
2213,4,0.7371,0.5531
2214,1,0.0877,0.7212
2214,2,0.7419,0.5610
2214,3,0.2126,0.7299
2214,4,0.6749,0.5230
2215,1,0.0877,0.7212
2215,2,0.7419,0.5610
2215,3,0.2126,0.7299
2215,4,0.6749,0.5230
2216,1,0.0877,0.7212
2216,2,0.7419,0.5610
2216,3,0.2126,0.7299
2216,4,0.6749,0.5230
2217,1,0.0812,0.7233
2217,2,0.2123,0.7339
2217,3,0.6873,0.5226
2218,1,0.0812,0.7233
2218,2,0.2123,0.7339
2218,3,0.6873,0.5226
2219,1,0.0834,0.7137
2219,2,0.6956,0.5116
2219,3,0.2119,0.7304
2219,4,0.7394,0.5448
2220,1,0.0811,0.7210
2220,2,0.6789,0.5150
2220,3,0.2096,0.7319
2221,1,0.0784,0.7351
2221,2,0.2126,0.7345
2221,3,0.7204,0.5513
2221,4,0.6568,0.5611
2222,1,0.0784,0.7351
2222,2,0.2126,0.7345
2222,3,0.7204,0.5513
2222,4,0.6568,0.5611
2223,1,0.0859,0.7436
2223,2,0.7280,0.5638
2223,3,0.6768,0.5203
2224,1,0.0859,0.7436
2224,2,0.7280,0.5638
2224,3,0.6768,0.5203
2225,1,0.6519,0.5229
2225,2,0.7277,0.5552
2225,3,0.2126,0.7368
2225,4,0.0911,0.7553
2226,1,0.7378,0.5599
2226,2,0.6728,0.5099
2226,3,0.0930,0.7601
2227,1,0.6695,0.5044
2227,2,0.7359,0.5523
2227,3,0.0989,0.7543
2228,1,0.7414,0.5531
2228,2,0.6521,0.5205
2228,3,0.1001,0.7532
2229,1,0.7414,0.5531
2229,2,0.6521,0.5205
2229,3,0.1001,0.7532
2230,1,0.6809,0.5094
2230,2,0.1036,0.7573
2230,3,0.7316,0.5485
2231,1,0.6719,0.5167
2231,2,0.7302,0.5531
2232,1,0.6719,0.5167
2232,2,0.7302,0.5531
2233,1,0.6671,0.5158
2233,2,0.2169,0.7321
2233,3,0.0929,0.7639
2233,4,0.7198,0.5632
2234,1,0.6671,0.5158
2234,2,0.2169,0.7321
2234,3,0.0929,0.7639
2234,4,0.7198,0.5632
2235,1,0.6720,0.5229
2235,2,0.2164,0.7371
2235,3,0.0928,0.7693
2235,4,0.7408,0.5473
2236,1,0.6602,0.5190
2236,2,0.7507,0.5461
2236,3,0.0953,0.7667
2236,4,0.2166,0.7334
2237,1,0.6712,0.5236
2237,2,0.7454,0.5469
2237,3,0.2144,0.7556
2237,4,0.0939,0.7598
2238,1,0.6712,0.5236
2238,2,0.7454,0.5469
2238,3,0.2144,0.7556
2238,4,0.0939,0.7598
2239,1,0.6712,0.5236
2239,2,0.7454,0.5469
2239,3,0.2144,0.7556
2239,4,0.0939,0.7598
2240,1,0.7472,0.5435
2240,2,0.6512,0.5195
2240,3,0.2142,0.7637
2240,4,0.0931,0.7635
2241,1,0.7472,0.5435
2241,2,0.6512,0.5195
2241,3,0.2142,0.7637
2241,4,0.0931,0.7635
2242,1,0.6910,0.5232
2242,2,0.2130,0.7773
2242,3,0.0965,0.7652
2243,1,0.2134,0.7668
2243,2,0.6832,0.5226
2243,3,0.0945,0.7611
2243,4,0.7375,0.5475
2244,1,0.2134,0.7668
2244,2,0.6832,0.5226
2244,3,0.0945,0.7611
2244,4,0.7375,0.5475
2245,1,0.0881,0.7312
2245,2,0.7519,0.5572
2246,1,0.0863,0.7429
2246,2,0.7498,0.5609
2247,1,0.6778,0.5130
2247,2,0.0874,0.7500
2247,3,0.7500,0.5623
2248,1,0.6778,0.5130
2248,2,0.0874,0.7500
2248,3,0.7500,0.5623
2249,1,0.7508,0.5530
2249,2,0.0896,0.7526
2249,3,0.6542,0.5495
2250,1,0.6555,0.4960
2250,2,0.0887,0.7552
2250,3,0.7499,0.5487
2250,4,0.2147,0.7444
2251,1,0.6555,0.4960
2251,2,0.0887,0.7552
2251,3,0.7499,0.5487
2251,4,0.2147,0.7444
2252,1,0.7572,0.5647
2252,2,0.6697,0.4969
2252,3,0.0892,0.7522
2253,1,0.6620,0.5060
2253,2,0.7537,0.5553
2253,3,0.2126,0.7534
2253,4,0.0831,0.7523
2254,1,0.6727,0.5082
2254,2,0.7386,0.5635
2254,3,0.0824,0.7472
2255,1,0.6699,0.5145
2255,2,0.7264,0.5495
2255,3,0.0819,0.7480
2256,1,0.2108,0.7643
2256,2,0.6748,0.5055
2256,3,0.0863,0.7541
2256,4,0.7360,0.5597
2257,1,0.6656,0.5219
2257,2,0.7645,0.5681
2257,3,0.0884,0.7534
2257,4,0.2118,0.7567
2258,1,0.7747,0.5707
2258,2,0.6734,0.5214
2258,3,0.0863,0.7506
2259,1,0.7747,0.5707
2259,2,0.6734,0.5214
2259,3,0.0863,0.7506
2260,1,0.6588,0.5202
2260,2,0.2093,0.7740
2260,3,0.0843,0.7539
2260,4,0.7433,0.5549
2261,1,0.0881,0.7522
2261,2,0.6780,0.5211
2261,3,0.2122,0.7512
2261,4,0.7405,0.5607
2262,1,0.0853,0.7500
2262,2,0.6751,0.5266
2262,3,0.7439,0.5537
2263,1,0.6850,0.5155
2263,2,0.0859,0.7490
2263,3,0.7428,0.5522
2264,1,0.6683,0.5172
2264,2,0.0862,0.7503
2264,3,0.7422,0.5546
2265,1,0.6683,0.5172
2265,2,0.0862,0.7503
2265,3,0.7422,0.5546
2266,1,0.0854,0.7489
2266,2,0.6763,0.5343
2266,3,0.7452,0.5529
2267,1,0.0874,0.7520
2267,2,0.6735,0.5251
2267,3,0.7448,0.5513
2268,1,0.0890,0.7473
2268,2,0.6706,0.5205
2268,3,0.7421,0.5537
2269,1,0.0890,0.7473
2269,2,0.6706,0.5205
2269,3,0.7421,0.5537
2270,1,0.0919,0.7360
2270,2,0.6762,0.5205
2270,3,0.7473,0.5552
2270,4,0.2171,0.6997
2271,1,0.7474,0.5547
2271,2,0.6770,0.5223
2271,3,0.0880,0.7181
2272,1,0.0875,0.7088
2272,2,0.6770,0.5500
2272,3,0.7481,0.5624
2273,1,0.0875,0.7088
2273,2,0.6770,0.5500
2273,3,0.7481,0.5624
2274,1,0.0832,0.7114
2274,2,0.6748,0.5205
2274,3,0.2144,0.7170
2274,4,0.7472,0.5642
2275,1,0.0874,0.7148
2275,2,0.6750,0.5238
2275,3,0.2148,0.7038
2275,4,0.7441,0.5611
2276,1,0.0873,0.7162
2276,2,0.6726,0.5258
2276,3,0.2135,0.7032
2276,4,0.7492,0.5498
2277,1,0.6690,0.5261
2277,2,0.0864,0.7103
2277,3,0.2133,0.7100
2277,4,0.7466,0.5511
2278,1,0.0850,0.7132
2278,2,0.6747,0.5251
2278,3,0.7425,0.5557
2279,1,0.0850,0.7132
2279,2,0.6747,0.5251
2279,3,0.7425,0.5557
2280,1,0.0776,0.7128
2280,2,0.2133,0.7024
2280,3,0.6694,0.5206
2280,4,0.7430,0.5578
2281,1,0.0776,0.7128
2281,2,0.2133,0.7024
2281,3,0.6694,0.5206
2281,4,0.7430,0.5578
2282,1,0.0833,0.7186
2282,2,0.6641,0.5226
2282,3,0.2141,0.7009
2282,4,0.7478,0.5494
2283,1,0.0855,0.7116
2283,2,0.6682,0.5223
2283,3,0.7458,0.5533
2283,4,0.2139,0.6968
2284,1,0.6759,0.5192
2284,2,0.0772,0.7170
2284,3,0.7430,0.5532
2285,1,0.0775,0.7147
2285,2,0.6721,0.5157
2285,3,0.7448,0.5501
2286,1,0.6816,0.5168
2286,2,0.0783,0.7119
2286,3,0.7435,0.5532
2287,1,0.6840,0.5121
2287,2,0.0778,0.7108
2288,1,0.6840,0.5121
2288,2,0.0778,0.7108
2289,1,0.6906,0.5217
2289,2,0.0769,0.7116
2289,3,0.7410,0.5516
2290,1,0.0828,0.7108
2290,2,0.6937,0.5224
2291,1,0.6889,0.5229
2291,2,0.0751,0.7100
2292,1,0.0759,0.7111
2292,2,0.6894,0.5305
2293,1,0.6873,0.5282
2293,2,0.0760,0.7149
2294,1,0.0764,0.7155
2294,2,0.6913,0.5312
2294,3,0.7301,0.5501
2295,1,0.6914,0.5342
2295,2,0.0784,0.7145
2295,3,0.2030,0.7030
2296,1,0.6914,0.5342
2296,2,0.0784,0.7145
2296,3,0.2030,0.7030
2297,1,0.6877,0.5314
2297,2,0.0776,0.7187
2298,1,0.6816,0.5281
2298,2,0.0780,0.7150
2298,3,0.7400,0.5518
2299,1,0.0797,0.7129
2299,2,0.6769,0.5258
2299,3,0.7428,0.5521
2300,1,0.0823,0.7118
2300,2,0.6782,0.5276
2301,1,0.0823,0.7118
2301,2,0.6782,0.5276
2302,1,0.6785,0.5281
2302,2,0.0882,0.7159
2302,3,0.7431,0.5403
2303,1,0.4943,0.5426
2303,2,0.1979,0.7297
2304,1,0.4943,0.5426
2304,2,0.1979,0.7297
2305,1,0.4943,0.5426
2305,2,0.1979,0.7297
2306,1,0.4943,0.5426
2306,2,0.1979,0.7297
2307,1,0.4943,0.5426
2307,2,0.1979,0.7297
2308,1,0.4943,0.5426
2308,2,0.1979,0.7297
2309,1,0.4943,0.5426
2309,2,0.1979,0.7297
2310,1,0.4943,0.5426
2310,2,0.1979,0.7297
2311,1,0.4943,0.5426
2311,2,0.1979,0.7297
2312,1,0.4943,0.5426
2312,2,0.1979,0.7297
2313,1,0.4943,0.5426
2313,2,0.1979,0.7297
2314,1,0.4943,0.5426
2314,2,0.1979,0.7297
2315,1,0.4943,0.5426
2315,2,0.1979,0.7297
2316,1,0.4943,0.5426
2316,2,0.1979,0.7297
2317,1,0.4943,0.5426
2317,2,0.1979,0.7297
2318,1,0.4943,0.5426
2318,2,0.1979,0.7297
2319,1,0.4943,0.5426
2319,2,0.1979,0.7297
2320,1,0.4943,0.5426
2320,2,0.1979,0.7297
2321,1,0.4943,0.5426
2321,2,0.1979,0.7297
2322,1,0.4943,0.5426
2322,2,0.1979,0.7297
2323,1,0.4943,0.5426
2323,2,0.1979,0.7297
2324,1,0.4943,0.5426
2324,2,0.1979,0.7297
2325,1,0.4943,0.5426
2325,2,0.1979,0.7297
2326,1,0.4943,0.5426
2326,2,0.1979,0.7297
2327,1,0.4943,0.5426
2327,2,0.1979,0.7297
2328,1,0.4943,0.5426
2328,2,0.1979,0.7297
2329,1,0.4943,0.5426
2329,2,0.1979,0.7297
2330,1,0.4943,0.5426
2330,2,0.1979,0.7297
2331,1,0.4943,0.5426
2331,2,0.1979,0.7297
2332,1,0.4943,0.5426
2332,2,0.1979,0.7297
2333,1,0.4943,0.5426
2333,2,0.1979,0.7297
2334,1,0.4943,0.5426
2334,2,0.1979,0.7297
2335,1,0.4943,0.5426
2335,2,0.1979,0.7297
2336,1,0.4943,0.5426
2336,2,0.1979,0.7297
2337,1,0.4943,0.5426
2337,2,0.1979,0.7297
2338,1,0.4943,0.5426
2338,2,0.1979,0.7297
2339,1,0.4667,0.5024
2339,2,0.5664,0.5731
2339,3,0.1991,0.7231
2340,1,0.4627,0.4994
2340,2,0.5869,0.5750
2340,3,0.1985,0.7189
2341,1,0.6132,0.5704
2341,2,0.1996,0.7249
2341,3,0.4532,0.5001
2342,1,0.6132,0.5704
2342,2,0.1996,0.7249
2342,3,0.4532,0.5001
2343,1,0.4481,0.4954
2343,2,0.1990,0.7238
2343,3,0.6382,0.5716
2344,1,0.4481,0.4954
2344,2,0.1990,0.7238
2344,3,0.6382,0.5716
2345,1,0.6666,0.5762
2345,2,0.4470,0.4917
2345,3,0.2002,0.7264
2346,1,0.2000,0.7252
2346,2,0.6972,0.5808
2346,3,0.4341,0.4909
2347,1,0.1990,0.7256
2347,2,0.7213,0.5811
2347,3,0.4208,0.4918
2348,1,0.1990,0.7256
2348,2,0.7213,0.5811
2348,3,0.4208,0.4918
2349,1,0.7435,0.5737
2349,2,0.1992,0.7263
2349,3,0.4062,0.4938
2350,1,0.7435,0.5737
2350,2,0.1992,0.7263
2350,3,0.4062,0.4938
2351,1,0.7435,0.5737
2351,2,0.1992,0.7263
2351,3,0.4062,0.4938
2352,1,0.3975,0.4954
2352,2,0.1986,0.7259
2352,3,0.7618,0.5706
2353,1,0.7569,0.5616
2353,2,0.1988,0.7261
2353,3,0.3918,0.4981
2354,1,0.7424,0.5654
2354,2,0.1999,0.7289
2354,3,0.3853,0.4991
2355,1,0.7424,0.5654
2355,2,0.1999,0.7289
2355,3,0.3853,0.4991
2356,1,0.7270,0.5557
2356,2,0.1962,0.7266
2356,3,0.3887,0.4953
2357,1,0.7270,0.5557
2357,2,0.1962,0.7266
2357,3,0.3887,0.4953
2358,1,0.7270,0.5557
2358,2,0.1962,0.7266
2358,3,0.3887,0.4953
2359,1,0.7129,0.5540
2359,2,0.1957,0.7276
2359,3,0.3997,0.4902
2360,1,0.1967,0.7253
2360,2,0.6992,0.5478
2361,1,0.6895,0.5525
2361,2,0.1973,0.7195
2361,3,0.4112,0.5042
2362,1,0.6895,0.5525
2362,2,0.1973,0.7195
2362,3,0.4112,0.5042
2363,1,0.6759,0.5494
2363,2,0.1981,0.7204
2363,3,0.4126,0.5112
2364,1,0.6759,0.5494
2364,2,0.1981,0.7204
2364,3,0.4126,0.5112
2365,1,0.6559,0.5578
2365,2,0.1987,0.7204
2366,1,0.6559,0.5578
2366,2,0.1987,0.7204
2367,1,0.6559,0.5578
2367,2,0.1987,0.7204
2368,1,0.6395,0.5537
2368,2,0.1989,0.7176
2368,3,0.4106,0.5152
2369,1,0.4093,0.5177
2369,2,0.6201,0.5577
2369,3,0.1963,0.7177
2370,1,0.5993,0.5587
2370,2,0.4029,0.5052
2370,3,0.1905,0.7028
2371,1,0.5993,0.5587
2371,2,0.4029,0.5052
2371,3,0.1905,0.7028
2372,1,0.4002,0.5045
2372,2,0.1921,0.7099
2372,3,0.5798,0.5501
2373,1,0.4002,0.5045
2373,2,0.1921,0.7099
2373,3,0.5798,0.5501
2374,1,0.4009,0.5072
2374,2,0.5597,0.5560
2374,3,0.1958,0.7202
2375,1,0.4009,0.5072
2375,2,0.5597,0.5560
2375,3,0.1958,0.7202
2376,1,0.5506,0.5556
2376,2,0.1957,0.7142
2376,3,0.4025,0.5059
2377,1,0.4116,0.5108
2377,2,0.1956,0.7174
2377,3,0.5288,0.5575
2378,1,0.4116,0.5108
2378,2,0.1956,0.7174
2378,3,0.5288,0.5575
2379,1,0.5123,0.5634
2379,2,0.1964,0.7221
2379,3,0.4401,0.5183
2380,1,0.5123,0.5634
2380,2,0.1964,0.7221
2380,3,0.4401,0.5183
2381,1,0.4829,0.5707
2381,2,0.1982,0.7275
2382,1,0.4629,0.5774
2382,2,0.1971,0.7282
2383,1,0.4629,0.5774
2383,2,0.1971,0.7282
2384,1,0.1941,0.7288
2385,1,0.1941,0.7288
2386,1,0.4924,0.5259
2386,2,0.4208,0.5939
2386,3,0.1957,0.7299
2387,1,0.4924,0.5259
2387,2,0.4208,0.5939
2387,3,0.1957,0.7299
2388,1,0.5357,0.5150
2388,2,0.3645,0.6010
2388,3,0.1960,0.7312
2389,1,0.5357,0.5150
2389,2,0.3645,0.6010
2389,3,0.1960,0.7312
2390,1,0.5489,0.5208
2390,2,0.3396,0.6131
2390,3,0.1947,0.7300
2391,1,0.5489,0.5208
2391,2,0.3396,0.6131
2391,3,0.1947,0.7300
2392,1,0.5729,0.5051
2392,2,0.3071,0.6452
2392,3,0.1938,0.7301
2393,1,0.5915,0.5095
2394,1,0.5915,0.5095
2395,1,0.2313,0.6118
2395,2,0.5938,0.5053
2396,1,0.2313,0.6118
2396,2,0.5938,0.5053
2397,1,0.2231,0.5994
2397,2,0.5935,0.5070
2398,1,0.6115,0.5121
2398,2,0.2385,0.6029
2399,1,0.6115,0.5121
2399,2,0.2385,0.6029
2400,1,0.6395,0.5035
2400,2,0.2869,0.5959
2401,1,0.6395,0.5035
2401,2,0.2869,0.5959
2402,1,0.3138,0.5825
2402,2,0.6420,0.5134
2403,1,0.6475,0.4986
2403,2,0.3426,0.5828
2403,3,0.1968,0.7032
2404,1,0.6475,0.4986
2404,2,0.3426,0.5828
2404,3,0.1968,0.7032
2405,1,0.3643,0.5837
2405,2,0.6528,0.5083
2405,3,0.1990,0.7085
2406,1,0.3643,0.5837
2406,2,0.6528,0.5083
2406,3,0.1990,0.7085
2407,1,0.3643,0.5837
2407,2,0.6528,0.5083
2407,3,0.1990,0.7085
2408,1,0.3863,0.5834
2408,2,0.6493,0.4937
2408,3,0.1984,0.7078
2409,1,0.6440,0.4973
2409,2,0.1987,0.7072
2409,3,0.4026,0.5713
2410,1,0.6532,0.5032
2410,2,0.4241,0.5684
2410,3,0.1967,0.7078
2411,1,0.6532,0.5032
2411,2,0.4241,0.5684
2411,3,0.1967,0.7078
2412,1,0.6533,0.4928
2412,2,0.1963,0.7021
2412,3,0.4489,0.5752
2413,1,0.6533,0.4928
2413,2,0.1963,0.7021
2413,3,0.4489,0.5752
2414,1,0.6492,0.4993
2414,2,0.4705,0.5706
2415,1,0.5029,0.5661
2415,2,0.6426,0.5012
2415,3,0.1990,0.7029
2416,1,0.5029,0.5661
2416,2,0.6426,0.5012
2416,3,0.1990,0.7029
2417,1,0.5348,0.5659
2417,2,0.2022,0.7053
2417,3,0.6371,0.5027
2418,1,0.5348,0.5659
2418,2,0.2022,0.7053
2418,3,0.6371,0.5027
2419,1,0.5682,0.5540
2419,2,0.2029,0.7010
2420,1,0.5682,0.5540
2420,2,0.2029,0.7010
2421,1,0.5932,0.5523
2421,2,0.1995,0.6976
2422,1,0.6163,0.5533
2423,1,0.6147,0.5474
2423,2,0.1985,0.7005
2424,1,0.6147,0.5474
2424,2,0.1985,0.7005
2425,1,0.6099,0.5366
2425,2,0.1992,0.7004
2426,1,0.6099,0.5366
2426,2,0.1992,0.7004
2427,1,0.6019,0.5359
2428,1,0.1983,0.7017
2428,2,0.5572,0.5275
2428,3,0.6489,0.5252
2428,4,0.3824,0.6106
2429,1,0.6507,0.5157
2429,2,0.1989,0.7023
2429,3,0.5236,0.5279
2430,1,0.6507,0.5157
2430,2,0.1989,0.7023
2430,3,0.5236,0.5279
2431,1,0.6507,0.5238
2431,2,0.1972,0.6946
2432,1,0.6630,0.5189
2432,2,0.1957,0.6885
2432,3,0.4681,0.5276
2433,1,0.6722,0.5279
2433,2,0.1989,0.6811
2433,3,0.4471,0.5146
2434,1,0.6970,0.5248
2434,2,0.1966,0.6828
2434,3,0.4430,0.5260
2435,1,0.6970,0.5248
2435,2,0.1966,0.6828
2435,3,0.4430,0.5260
2436,1,0.7120,0.5333
2436,2,0.1985,0.6763
2436,3,0.4295,0.5251
2437,1,0.7277,0.5420
2437,2,0.4154,0.5344
2437,3,0.1923,0.6939
2438,1,0.7459,0.5485
2438,2,0.3921,0.5344
2439,1,0.7459,0.5485
2439,2,0.3921,0.5344
2440,1,0.1901,0.6803
2440,2,0.7512,0.5594
2441,1,0.1901,0.6803
2441,2,0.7512,0.5594
2442,1,0.2046,0.6845
2442,2,0.7451,0.5795
2443,1,0.2046,0.6845
2443,2,0.7451,0.5795
2444,1,0.7444,0.5692
2444,2,0.2806,0.5120
2445,1,0.7444,0.5692
2445,2,0.2806,0.5120
2446,1,0.7128,0.5701
2446,2,0.2087,0.6892
2447,1,0.7061,0.5731
2447,2,0.1950,0.6861
2448,1,0.1998,0.6835
2448,2,0.3505,0.5067
2448,3,0.6986,0.5752
2449,1,0.1998,0.6835
2449,2,0.3505,0.5067
2449,3,0.6986,0.5752
2450,1,0.1998,0.6835
2450,2,0.3505,0.5067
2450,3,0.6986,0.5752
2451,1,0.6711,0.5778
2451,2,0.1970,0.6763
2451,3,0.4205,0.5229
2452,1,0.6654,0.5852
2452,2,0.2051,0.6743
2452,3,0.4407,0.5086
2453,1,0.2064,0.6701
2453,2,0.6658,0.5830
2454,1,0.2064,0.6701
2454,2,0.6658,0.5830
2455,1,0.2064,0.6701
2455,2,0.6658,0.5830
2456,1,0.6908,0.5940
2457,1,0.6960,0.5769
2457,2,0.1979,0.6714
2457,3,0.4991,0.5386
2458,1,0.4866,0.5433
2458,2,0.6928,0.5925
2458,3,0.2000,0.6715
2459,1,0.6967,0.5748
2459,2,0.2074,0.6771
2460,1,0.6967,0.5748
2460,2,0.2074,0.6771
2461,1,0.6909,0.5910
2461,2,0.4985,0.5510
2461,3,0.2090,0.6737
2462,1,0.6880,0.5782
2462,2,0.5235,0.5671
2462,3,0.3908,0.6151
2462,4,0.2043,0.6719
2463,1,0.6877,0.5897
2463,2,0.5405,0.5576
2463,3,0.3903,0.6185
2464,1,0.6877,0.5897
2464,2,0.5405,0.5576
2464,3,0.3903,0.6185
2465,1,0.6829,0.5853
2465,2,0.1995,0.6723
2465,3,0.5314,0.5515
2466,1,0.5214,0.5502
2466,2,0.1925,0.6664
2466,3,0.6714,0.5949
2466,4,0.3929,0.6155
2467,1,0.5214,0.5502
2467,2,0.1925,0.6664
2467,3,0.6714,0.5949
2467,4,0.3929,0.6155
2468,1,0.6539,0.5876
2468,2,0.1960,0.6568
2469,1,0.4125,0.5348
2469,2,0.6310,0.5878
2469,3,0.1992,0.6632
2470,1,0.4125,0.5348
2470,2,0.6310,0.5878
2470,3,0.1992,0.6632
2471,1,0.2052,0.6876
2471,2,0.6064,0.5736
2472,1,0.2047,0.7040
2472,2,0.5916,0.5702
2473,1,0.5927,0.5731
2473,2,0.3876,0.6251
2474,1,0.5899,0.5715
2474,2,0.1645,0.4992
2475,1,0.5916,0.5729
2475,2,0.1247,0.4876
2476,1,0.5921,0.5751
2476,2,0.1297,0.4803
2476,3,0.3941,0.6247
2477,1,0.5968,0.5630
2477,2,0.3961,0.6237
2478,1,0.5931,0.5622
2478,2,0.3960,0.6247
2479,1,0.5907,0.5547
2479,2,0.3958,0.6198
2480,1,0.5839,0.5623
2481,1,0.5823,0.5472
2481,2,0.3954,0.6220
2482,1,0.5730,0.5475
2483,1,0.5730,0.5475
2484,1,0.5635,0.5480
2485,1,0.5633,0.5474
2486,1,0.5633,0.5474
2487,1,0.5698,0.5484
2487,2,0.2631,0.4722
2488,1,0.5698,0.5484
2488,2,0.2631,0.4722
2489,1,0.2783,0.5008
2489,2,0.5630,0.5488
2490,1,0.2783,0.5008
2490,2,0.5630,0.5488
2491,1,0.5622,0.5507
2491,2,0.2833,0.5107
2492,1,0.5706,0.5406
2492,2,0.2950,0.5203
2493,1,0.5802,0.5455
2493,2,0.3077,0.5205
2494,1,0.5853,0.5571
2495,1,0.5898,0.5611
2496,1,0.5874,0.5665
2497,1,0.5874,0.5665
2498,1,0.3879,0.5564
2498,2,0.5756,0.5753
2499,1,0.5710,0.5790
2499,2,0.4022,0.5365
2500,1,0.5725,0.5907
2501,1,0.5757,0.5889
2502,1,0.5906,0.5819
2503,1,0.6020,0.5738
2504,1,0.6026,0.5861
2504,2,0.3916,0.6213
2505,1,0.3882,0.6223
2505,2,0.6087,0.5826
2506,1,0.3882,0.6223
2506,2,0.6087,0.5826
2507,1,0.6204,0.5664
2507,2,0.3839,0.6246
2508,1,0.3875,0.6220
2508,2,0.6152,0.5599
2509,1,0.3890,0.6205
2510,1,0.3927,0.6189
2511,1,0.3950,0.6187
2511,2,0.6152,0.5651
2512,1,0.6275,0.5668
2513,1,0.6407,0.5717
2514,1,0.6524,0.5776
2514,2,0.4188,0.5279
2515,1,0.6712,0.5775
2516,1,0.6892,0.5744
2517,1,0.7008,0.5873
2518,1,0.6981,0.5926
2518,2,0.2963,0.4875
2518,3,0.3887,0.6240
2519,1,0.6915,0.6025
2519,2,0.2734,0.4727
2519,3,0.3893,0.6229
2520,1,0.6915,0.6025
2520,2,0.2734,0.4727
2520,3,0.3893,0.6229
2521,1,0.2606,0.4640
2521,2,0.5812,0.8109
2521,3,0.3910,0.6229
2521,4,0.6939,0.6093
2522,1,0.6749,0.6313
2522,2,0.2735,0.4612
2522,3,0.3906,0.6218
2523,1,0.3987,0.6225
2523,2,0.6378,0.6480
2523,3,0.2978,0.4544
2524,1,0.3987,0.6225
2524,2,0.6378,0.6480
2524,3,0.2978,0.4544
2525,1,0.5483,0.5929
2526,1,0.5159,0.5736
2527,1,0.4892,0.5699
2528,1,0.5831,0.8051
2528,2,0.4401,0.5503
2529,1,0.5776,0.8027
2530,1,0.5731,0.7986
2530,2,0.4232,0.5325
2531,1,0.5808,0.7955
2532,1,0.5865,0.7941
2533,1,0.5865,0.7941
2534,1,0.4979,0.5286
2535,1,0.5259,0.5274
2537,1,0.4254,0.4789
2537,2,0.5965,0.4991
2543,1,0.6197,0.7843
2544,1,0.6168,0.7922
2545,1,0.6215,0.7904
2546,1,0.6345,0.7987
2547,1,0.6345,0.7987
2548,1,0.6121,0.8307
2549,1,0.6540,0.7536
2551,1,0.6059,0.8391
2552,1,0.6086,0.7994
2553,1,0.6246,0.8014
2554,1,0.6273,0.7979
2556,1,0.6236,0.8349
2557,1,0.6242,0.8040
2558,1,0.6509,0.7667
2559,1,0.6331,0.7844
2560,1,0.6234,0.8238
2561,1,0.4361,0.4777
2565,1,0.6352,0.8202
2568,1,0.6216,0.8123
2569,1,0.6258,0.8205
2572,1,0.6132,0.7301
2573,1,0.6181,0.7479
2574,1,0.6116,0.8083
2577,1,0.6039,0.8313
2578,1,0.6039,0.8313
2579,1,0.6144,0.7775
2580,1,0.6144,0.7775
2586,1,0.6489,0.7455
2587,1,0.6257,0.7495
2595,1,0.6354,0.7625
2596,1,0.6327,0.7543
2597,1,0.6335,0.7755
2598,1,0.6335,0.7755
2599,1,0.6329,0.7803
2600,1,0.6323,0.7698
2601,1,0.6326,0.7841
2602,1,0.6335,0.7857
2603,1,0.6332,0.7877
2604,1,0.6332,0.7877
2605,1,0.6308,0.7916
2606,1,0.6342,0.7837
2607,1,0.6311,0.7865
2608,1,0.6343,0.7867
2609,1,0.6306,0.7872
2610,1,0.6342,0.7885
2611,1,0.6325,0.7888
2612,1,0.6328,0.7850
2613,1,0.6319,0.7909
2614,1,0.6344,0.7916
2616,1,0.6315,0.7890
2618,1,0.6332,0.7883
2619,1,0.6302,0.7887
2620,1,0.6305,0.7877
2621,1,0.6336,0.7880
2622,1,0.6320,0.7883
2623,1,0.6305,0.7874
2624,1,0.6307,0.7887
2625,1,0.6365,0.7895
2626,1,0.6352,0.7886
2627,1,0.6352,0.7886
2628,1,0.6336,0.7879
2629,1,0.6336,0.7879
2630,1,0.6360,0.7896
2631,1,0.6360,0.7896
2632,1,0.6359,0.7888
2633,1,0.6358,0.7804
2634,1,0.6334,0.7755
2635,1,0.6334,0.7755
2636,1,0.6309,0.7708
2637,1,0.6309,0.7708
2638,1,0.6332,0.7674
2639,1,0.6333,0.7719
2640,1,0.6333,0.7719
2641,1,0.6334,0.7696
2642,1,0.6336,0.7667
2643,1,0.6340,0.7671
2644,1,0.6340,0.7671
2645,1,0.6352,0.7674
2646,1,0.6360,0.7700
2647,1,0.6352,0.7735
2648,1,0.6368,0.7733
2649,1,0.6346,0.7739
2650,1,0.6346,0.7739
2651,1,0.6347,0.7747
2652,1,0.6353,0.7741
2653,1,0.6338,0.7831
2654,1,0.6338,0.7831
2655,1,0.6397,0.7835
2656,1,0.6362,0.7813
2657,1,0.6339,0.7830
2658,1,0.6353,0.7833
2659,1,0.6340,0.7814
2660,1,0.6340,0.7814
2661,1,0.6344,0.7835
2662,1,0.6345,0.7845
2663,1,0.6370,0.7861
2665,1,0.6335,0.7809
2671,1,0.6349,0.7763
2695,1,0.6265,0.7614
2696,1,0.6265,0.7614
2697,1,0.6265,0.7614
2698,1,0.6274,0.7646
2699,1,0.6274,0.7646
2700,1,0.6287,0.7636
2701,1,0.6287,0.7636
2702,1,0.6276,0.7644
2703,1,0.6279,0.7629
2704,1,0.6315,0.7683
2705,1,0.6299,0.7760
2706,1,0.6317,0.7762
2707,1,0.6317,0.7762
2708,1,0.6317,0.7762
2709,1,0.6331,0.7735
2710,1,0.6342,0.7767
2711,1,0.6342,0.7767
2712,1,0.6313,0.7861
2713,1,0.6320,0.7812
2714,1,0.6313,0.7843
2715,1,0.6331,0.7836
2716,1,0.6314,0.7846
2717,1,0.6331,0.7797
2718,1,0.6319,0.7774
2719,1,0.6319,0.7774
2720,1,0.6335,0.7771
2721,1,0.6296,0.7759
2722,1,0.6313,0.7685
2723,1,0.6313,0.7685
2724,1,0.6323,0.7751
2725,1,0.6252,0.7609
2726,1,0.6252,0.7609
2727,1,0.6161,0.7434
2728,1,0.6115,0.7460
2729,1,0.6086,0.7500
2730,1,0.6050,0.7544
2731,1,0.6080,0.7396
2732,1,0.6128,0.7295
2733,1,0.6207,0.7277
2734,1,0.6357,0.7506
2735,1,0.6486,0.7374
2736,1,0.6440,0.7365
2737,1,0.6462,0.7440
2738,1,0.6462,0.7514
2739,1,0.6519,0.7632
2740,1,0.6525,0.7597
2741,1,0.6549,0.7736
2742,1,0.6543,0.7684
2743,1,0.6543,0.7684
2744,1,0.6535,0.7760
2747,1,0.6498,0.7764
2748,1,0.6492,0.7685
2749,1,0.6478,0.7748
2750,1,0.6435,0.7675
2751,1,0.6435,0.7675
2752,1,0.6406,0.7728
2753,1,0.6290,0.7658
2754,1,0.6150,0.7643
2755,1,0.6166,0.7617
2756,1,0.6166,0.7617
2757,1,0.6046,0.7707
2759,1,0.5988,0.7637
2762,1,0.5972,0.7641
2762,2,0.4525,0.4522
2763,1,0.4589,0.4557
2766,1,0.6048,0.7699
2767,1,0.5974,0.7622
2768,1,0.6035,0.7658
2768,2,0.4538,0.4513
2769,1,0.6006,0.7685
2770,1,0.6018,0.7666
2778,1,0.6000,0.7644
2789,1,0.4136,0.4537
2790,1,0.5886,0.7845
2791,1,0.5863,0.7857
2793,1,0.6068,0.7724
2794,1,0.4876,0.4764
2795,1,0.6026,0.8003
2796,1,0.6026,0.8003
2797,1,0.4859,0.4796
2798,1,0.4859,0.4796
2799,1,0.6754,0.7352
2800,1,0.6661,0.7424
2801,1,0.6642,0.7289
2802,1,0.6655,0.7417
2803,1,0.6637,0.7445
2806,1,0.4846,0.4878
2807,1,0.6427,0.7449
2808,1,0.6427,0.7449
2809,1,0.6484,0.7349
2810,1,0.4181,0.4713
2810,2,0.6643,0.7378
2810,3,0.4867,0.4859
2811,1,0.4051,0.4597
2811,2,0.6564,0.7461
2811,3,0.4887,0.4719
2812,1,0.4051,0.4597
2812,2,0.6564,0.7461
2812,3,0.4887,0.4719
2813,1,0.4084,0.4638
2813,2,0.4875,0.4737
2814,1,0.4123,0.4659
2815,1,0.4084,0.4632
2815,2,0.6543,0.7443
2815,3,0.6245,0.4781
2815,4,0.4870,0.4741
2816,1,0.6538,0.7410
2816,2,0.4007,0.4654
2816,3,0.6245,0.4754
2817,1,0.3960,0.4632
2817,2,0.6534,0.7479
2818,1,0.6515,0.7437
2818,2,0.3898,0.4597
2818,3,0.6202,0.4637
2819,1,0.6508,0.7422
2819,2,0.3867,0.4630
2820,1,0.3907,0.4619
2820,2,0.6498,0.7400
2821,1,0.3894,0.4627
2821,2,0.6493,0.7384
2821,3,0.6176,0.4786
2821,4,0.4892,0.4714
2822,1,0.3897,0.4606
2822,2,0.6505,0.7399
2822,3,0.6144,0.4789
2823,1,0.6521,0.7415
2823,2,0.3885,0.4598
2823,3,0.4894,0.4763
2824,1,0.3895,0.4620
2824,2,0.6520,0.7451
2824,3,0.6142,0.4795
2824,4,0.4896,0.4718
2825,1,0.3891,0.4652
2825,2,0.6524,0.7471
2825,3,0.6142,0.4793
2825,4,0.4894,0.4785
2826,1,0.3847,0.4652
2826,2,0.6533,0.7459
2826,3,0.6124,0.4726
2826,4,0.4899,0.4781
2827,1,0.3868,0.4611
2827,2,0.6529,0.7475
2827,3,0.6145,0.4826
2827,4,0.4891,0.4761
2828,1,0.3924,0.4604
2828,2,0.6525,0.7475
2829,1,0.3924,0.4604
2829,2,0.6525,0.7475
2830,1,0.3858,0.4663
2830,2,0.6512,0.7432
2830,3,0.4887,0.4777
2831,1,0.3852,0.4682
2831,2,0.6580,0.7422
2831,3,0.6151,0.4754
2831,4,0.4881,0.4799
2832,1,0.3852,0.4682
2832,2,0.6580,0.7422
2832,3,0.6151,0.4754
2832,4,0.4881,0.4799
2833,1,0.6578,0.7443
2833,2,0.3843,0.4669
2833,3,0.6150,0.4753
2833,4,0.4879,0.4807
2834,1,0.6625,0.7411
2834,2,0.3865,0.4592
2834,3,0.6131,0.4739
2834,4,0.4893,0.4776
2835,1,0.6595,0.7422
2835,2,0.3847,0.4610
2835,3,0.4894,0.4722
2836,1,0.6588,0.7423
2836,2,0.3860,0.4618
2836,3,0.6155,0.4782
2837,1,0.6687,0.7413
2837,2,0.3810,0.4668
2837,3,0.4910,0.4755
2838,1,0.6589,0.7431
2838,2,0.3827,0.4611
2838,3,0.4889,0.4774
2839,1,0.6567,0.7409
2839,2,0.3833,0.4681
2839,3,0.4886,0.4741
2840,1,0.3833,0.4696
2840,2,0.6611,0.7397
2840,3,0.6113,0.4817
2840,4,0.4893,0.4725
2841,1,0.3867,0.4659
2841,2,0.6605,0.7389
2841,3,0.6144,0.4596
2841,4,0.4897,0.4738
2842,1,0.6602,0.7416
2842,2,0.3841,0.4676
2842,3,0.4891,0.4778
2843,1,0.6560,0.7432
2843,2,0.3852,0.4666
2843,3,0.6182,0.4703
2843,4,0.4873,0.4739
2844,1,0.3841,0.4686
2844,2,0.6682,0.7391
2844,3,0.4895,0.4771
2845,1,0.3840,0.4724
2845,2,0.6587,0.7419
2845,3,0.4914,0.4782
2846,1,0.6564,0.7477
2846,2,0.3820,0.4720
2846,3,0.4895,0.4757
2847,1,0.3848,0.4732
2847,2,0.6516,0.7437
2847,3,0.4904,0.4777
2848,1,0.6622,0.7412
2848,2,0.3856,0.4662
2848,3,0.4918,0.4735
2849,1,0.6622,0.7412
2849,2,0.3856,0.4662
2849,3,0.4918,0.4735
2850,1,0.3864,0.4662
2850,2,0.6544,0.7446
2850,3,0.4902,0.4716
2851,1,0.3864,0.4662
2851,2,0.6544,0.7446
2851,3,0.4902,0.4716
2852,1,0.3842,0.4720
2852,2,0.6711,0.7380
2852,3,0.6063,0.4795
2852,4,0.4885,0.4664
2853,1,0.6557,0.7433
2853,2,0.3846,0.4650
2853,3,0.4855,0.4703
2854,1,0.6548,0.7458
2854,2,0.3875,0.4647
2855,1,0.3872,0.4698
2855,2,0.6672,0.7449
2855,3,0.4859,0.4662
2856,1,0.3857,0.4684
2856,2,0.6888,0.7527
2857,1,0.3864,0.4610
2857,2,0.6683,0.7499
2858,1,0.6671,0.7490
2858,2,0.3835,0.4623
2858,3,0.4884,0.4779
2859,1,0.3860,0.4695
2859,2,0.6806,0.7528
2859,3,0.4907,0.4730
2860,1,0.3860,0.4695
2860,2,0.6806,0.7528
2860,3,0.4907,0.4730
2861,1,0.6626,0.7459
2861,2,0.3815,0.4617
2862,1,0.6597,0.7468
2862,2,0.3867,0.4608
2863,1,0.3860,0.4669
2863,2,0.6883,0.7533
2864,1,0.3833,0.4661
2864,2,0.6682,0.7473
2865,1,0.6626,0.7544
2865,2,0.3864,0.4664
2865,3,0.4888,0.4693
2866,1,0.6615,0.7487
2866,2,0.3832,0.4664
2866,3,0.4893,0.4780
2867,1,0.6705,0.7477
2867,2,0.3780,0.4573
2868,1,0.6692,0.7525
2868,2,0.3863,0.4591
2869,1,0.6612,0.7526
2869,2,0.3843,0.4612
2870,1,0.6643,0.7521
2870,2,0.3812,0.4602
2871,1,0.6624,0.7529
2871,2,0.3835,0.4665
2872,1,0.6698,0.7516
2872,2,0.3820,0.4613
2873,1,0.3731,0.4583
2873,2,0.6891,0.7548
2874,1,0.3731,0.4583
2874,2,0.6891,0.7548
2875,1,0.6690,0.7462
2875,2,0.6181,0.4696
2875,3,0.4895,0.4690
2875,4,0.3774,0.4606
2876,1,0.6683,0.7442
2877,1,0.6702,0.7536
2877,2,0.6223,0.4681
2877,3,0.4894,0.4743
2878,1,0.6655,0.7457
2878,2,0.3765,0.4690
2878,3,0.4895,0.4778
2879,1,0.3707,0.4659
2879,2,0.6182,0.4764
2880,1,0.6673,0.7484
2880,2,0.3738,0.4690
2880,3,0.6089,0.4664
2881,1,0.6672,0.7498
2881,2,0.3655,0.4593
2881,3,0.6020,0.4753
2882,1,0.6709,0.7485
2882,2,0.3669,0.4672
2882,3,0.6009,0.4732
2883,1,0.6810,0.7535
2883,2,0.3656,0.4654
2883,3,0.6037,0.4781
2884,1,0.6810,0.7535
2884,2,0.3656,0.4654
2884,3,0.6037,0.4781
2885,1,0.3643,0.4715
2885,2,0.6784,0.7441
2885,3,0.6104,0.4776
2886,1,0.3670,0.4758
2886,2,0.6830,0.7379
2886,3,0.6117,0.4820
2886,4,0.4881,0.4740
2887,1,0.3640,0.4744
2887,2,0.6834,0.7379
2887,3,0.6131,0.4841
2888,1,0.3642,0.4752
2888,2,0.6871,0.7408
2888,3,0.6131,0.4854
2888,4,0.4895,0.4777
2889,1,0.3648,0.4746
2889,2,0.6816,0.7418
2890,1,0.3655,0.4804
2890,2,0.6842,0.7393
2890,3,0.6178,0.4878
2890,4,0.4903,0.4802
2891,1,0.3680,0.4820
2891,2,0.6811,0.7425
2891,3,0.4904,0.4860
2892,1,0.6853,0.7431
2892,2,0.3587,0.4783
2892,3,0.6193,0.4856
2893,1,0.6853,0.7431
2893,2,0.3587,0.4783
2893,3,0.6193,0.4856
2894,1,0.6823,0.7361
2894,2,0.3581,0.4706
2894,3,0.6212,0.4926
2895,1,0.6836,0.7406
2895,2,0.3544,0.4725
2895,3,0.6244,0.4912
2896,1,0.6862,0.7372
2896,2,0.3548,0.4762
2896,3,0.6201,0.5014
2896,4,0.4815,0.4827
2897,1,0.6863,0.7406
2897,2,0.3554,0.4730
2897,3,0.6072,0.4734
2897,4,0.4795,0.4616
2898,1,0.6842,0.7391
2898,2,0.3551,0.4670
2898,3,0.6081,0.4906
2898,4,0.4780,0.4903
2899,1,0.6836,0.7356
2899,2,0.3534,0.4655
2899,3,0.6322,0.4834
2899,4,0.4727,0.4714
2900,1,0.3509,0.4753
2900,2,0.6803,0.7329
2900,3,0.6448,0.4957
2901,1,0.6798,0.7321
2901,2,0.3494,0.4742
2901,3,0.6259,0.4871
2902,1,0.6812,0.7303
2902,2,0.4685,0.4964
2902,3,0.6263,0.4937
2902,4,0.3388,0.4637
2903,1,0.6816,0.7290
2903,2,0.3367,0.4544
2903,3,0.6289,0.4845
2903,4,0.4676,0.4685
2904,1,0.6775,0.7273
2904,2,0.3328,0.4597
2904,3,0.4767,0.4942
2904,4,0.6369,0.4985
2905,1,0.6768,0.7289
2905,2,0.3330,0.4587
2905,3,0.6298,0.4853
2905,4,0.4846,0.4793
2906,1,0.3323,0.4667
2906,2,0.6819,0.7355
2906,3,0.6183,0.4936
2906,4,0.4820,0.4841
2907,1,0.3279,0.4751
2907,2,0.4669,0.4981
2907,3,0.6070,0.4683
2907,4,0.6806,0.7334
2908,1,0.3279,0.4751
2908,2,0.4669,0.4981
2908,3,0.6070,0.4683
2908,4,0.6806,0.7334
2909,1,0.3073,0.4558
2909,2,0.6811,0.7309
2909,3,0.4578,0.4922
2909,4,0.6180,0.4898
2910,1,0.4512,0.4690
2910,2,0.6807,0.7244
2910,3,0.6331,0.4875
2910,4,0.2994,0.4624
2911,1,0.6734,0.7208
2911,2,0.6401,0.5003
2911,3,0.2973,0.4693
2911,4,0.4471,0.4893
2912,1,0.2972,0.4581
2912,2,0.6427,0.4848
2912,3,0.4254,0.4850
2912,4,0.6728,0.7242
2913,1,0.6743,0.7279
2913,2,0.2971,0.4657
2913,3,0.4195,0.4754
2913,4,0.6362,0.4710
2914,1,0.2949,0.4850
2914,2,0.4132,0.4728
2914,3,0.6404,0.4712
2915,1,0.2935,0.4778
2915,2,0.4215,0.4865
2915,3,0.6393,0.4834
2916,1,0.2893,0.4808
2916,2,0.6289,0.4781
2916,3,0.4230,0.4730
2917,1,0.2858,0.4803
2917,2,0.6242,0.4865
2917,3,0.4285,0.4809
2918,1,0.2882,0.4806
2918,2,0.4378,0.4844
2918,3,0.6241,0.4920
2919,1,0.2932,0.4812
2919,2,0.6256,0.4934
2919,3,0.4424,0.4844
2920,1,0.2978,0.4836
2920,2,0.4524,0.4944
2920,3,0.6746,0.7292
2920,4,0.6242,0.4964
2921,1,0.2978,0.4836
2921,2,0.4524,0.4944
2921,3,0.6746,0.7292
2921,4,0.6242,0.4964
2922,1,0.2933,0.4836
2922,2,0.6323,0.4987
2922,3,0.4350,0.4814
2923,1,0.2896,0.4844
2923,2,0.6747,0.7236
2923,3,0.4382,0.4770
2923,4,0.6379,0.4891
2924,1,0.2918,0.4818
2924,2,0.4384,0.4608
2924,3,0.6379,0.4917
2925,1,0.2904,0.4913
2925,2,0.6389,0.4885
2925,3,0.4364,0.4746
2926,1,0.2904,0.4913
2926,2,0.6389,0.4885
2926,3,0.4364,0.4746
2927,1,0.2903,0.4957
2927,2,0.6499,0.4958
2927,3,0.4388,0.4834
2928,1,0.2927,0.4835
2928,2,0.6481,0.4861
2928,3,0.4347,0.4648
2929,1,0.2927,0.4835
2929,2,0.6481,0.4861
2929,3,0.4347,0.4648
2930,1,0.2962,0.4841
2930,2,0.4460,0.4679
2930,3,0.6525,0.4696
2931,1,0.4439,0.4722
2931,2,0.6501,0.4766
2931,3,0.2986,0.4820
2932,1,0.4439,0.4722
2932,2,0.6501,0.4766
2932,3,0.2986,0.4820
2933,1,0.6467,0.4725
2933,2,0.4433,0.4710
2933,3,0.2951,0.4683
2934,1,0.2962,0.4774
2934,2,0.6481,0.4907
2935,1,0.4313,0.4702
2935,2,0.2929,0.4812
2935,3,0.6468,0.4717
2936,1,0.4427,0.4665
2936,2,0.6739,0.7437
2936,3,0.6426,0.4775
2936,4,0.2919,0.4713
2937,1,0.2942,0.4802
2937,2,0.4436,0.5007
2937,3,0.6398,0.4712
2938,1,0.2979,0.4809
2938,2,0.6287,0.4845
2938,3,0.4496,0.4821
2939,1,0.2991,0.4875
2939,2,0.6660,0.7351
2939,3,0.6202,0.4917
2939,4,0.4501,0.4861
2940,1,0.6021,0.4935
2940,2,0.6759,0.7330
2940,3,0.4445,0.4809
2941,1,0.6851,0.7345
2941,2,0.4482,0.4894
2941,3,0.5914,0.4848
2941,4,0.2931,0.4782
2942,1,0.5864,0.4904
2942,2,0.6803,0.7371
2942,3,0.4565,0.4740
2942,4,0.2943,0.4751
2943,1,0.4624,0.4750
2943,2,0.5797,0.4888
2943,3,0.6815,0.7331
2944,1,0.6853,0.7326
2944,2,0.5792,0.4855
2944,3,0.2938,0.4716
2945,1,0.6853,0.7326
2945,2,0.5792,0.4855
2945,3,0.2938,0.4716
2946,1,0.3048,0.4547
2946,2,0.5838,0.4841
2946,3,0.6857,0.7304
2946,4,0.4651,0.4630
2947,1,0.3048,0.4547
2947,2,0.5838,0.4841
2947,3,0.6857,0.7304
2947,4,0.4651,0.4630
2948,1,0.3210,0.4592
2948,2,0.6896,0.7319
2948,3,0.5816,0.4858
2948,4,0.4611,0.4669
2949,1,0.6892,0.7283
2949,2,0.4495,0.4700
2949,3,0.5777,0.4885
2949,4,0.3361,0.4485
2950,1,0.4495,0.4715
2950,2,0.6890,0.7323
2950,3,0.5782,0.4894
2950,4,0.3398,0.4537
2951,1,0.4495,0.4715
2951,2,0.6890,0.7323
2951,3,0.5782,0.4894
2951,4,0.3398,0.4537
2952,1,0.6896,0.7304
2952,2,0.5819,0.4944
2952,3,0.3453,0.4568
2952,4,0.4493,0.4879
2953,1,0.6894,0.7299
2953,2,0.4439,0.4701
2953,3,0.5870,0.4986
2953,4,0.3480,0.4555
2954,1,0.3496,0.4582
2954,2,0.6896,0.7249
2954,3,0.6039,0.4964
2954,4,0.4429,0.4792
2955,1,0.3496,0.4582
2955,2,0.6896,0.7249
2955,3,0.6039,0.4964
2955,4,0.4429,0.4792
2956,1,0.3667,0.4684
2956,2,0.6832,0.7253
2956,3,0.4525,0.4857
2957,1,0.3667,0.4684
2957,2,0.6832,0.7253
2957,3,0.4525,0.4857
2958,1,0.6895,0.7234
2958,2,0.4504,0.5034
2959,1,0.4286,0.4882
2960,1,0.4286,0.4882
2961,1,0.4211,0.5086
2961,2,0.6815,0.7251
2962,1,0.4211,0.5086
2962,2,0.6815,0.7251
2963,1,0.4065,0.5269
2963,2,0.6050,0.5028
2963,3,0.6826,0.7243
2963,4,0.4772,0.4878
2964,1,0.4065,0.5269
2964,2,0.6050,0.5028
2964,3,0.6826,0.7243
2964,4,0.4772,0.4878
2965,1,0.4346,0.5553
2965,2,0.6871,0.7285
2965,3,0.5229,0.4917
2966,1,0.4346,0.5553
2966,2,0.6871,0.7285
2966,3,0.5229,0.4917
2967,1,0.4346,0.5553
2967,2,0.6871,0.7285
2967,3,0.5229,0.4917
2968,1,0.6840,0.7310
2968,2,0.4776,0.5333
2969,1,0.4933,0.5518
2969,2,0.6779,0.7322
2970,1,0.3640,0.4453
2970,2,0.6741,0.7320
2971,1,0.3640,0.4453
2971,2,0.6741,0.7320
2972,1,0.5472,0.5345
2972,2,0.3126,0.4703
2973,1,0.2868,0.4791
2973,2,0.4269,0.5104
2973,3,0.5393,0.5348
2973,4,0.6760,0.7308
2974,1,0.2613,0.4910
2974,2,0.4222,0.5010
2974,3,0.5268,0.5359
2974,4,0.6769,0.7292
2975,1,0.2316,0.5135
2975,2,0.4511,0.4970
2975,3,0.5194,0.5535
2975,4,0.6776,0.7282
2976,1,0.2316,0.5135
2976,2,0.4511,0.4970
2976,3,0.5194,0.5535
2976,4,0.6776,0.7282
2977,1,0.1537,0.5782
2977,2,0.6821,0.7267
2978,1,0.2006,0.6028
2979,1,0.2336,0.5720
2979,2,0.6680,0.6110
2980,1,0.2761,0.5400
2980,2,0.7148,0.5944
2980,3,0.6689,0.5442
2981,1,0.3316,0.5253
2981,2,0.7394,0.5852
2982,1,0.3970,0.5169
2982,2,0.7645,0.6000
2983,1,0.3970,0.5169
2983,2,0.7645,0.6000
2984,1,0.4704,0.5103
2984,2,0.6518,0.7207
2985,1,0.7309,0.6129
2985,2,0.4853,0.5061
2985,3,0.8206,0.5838
2986,1,0.8320,0.5884
2986,2,0.5194,0.5024
2986,3,0.6870,0.6023
2987,1,0.8320,0.6039
2987,2,0.6452,0.6119
2987,3,0.5593,0.5130
2988,1,0.8259,0.6153
2989,1,0.5484,0.5922
2989,2,0.8108,0.6234
2990,1,0.7793,0.6344
2990,2,0.5105,0.5839
2990,3,0.6361,0.4916
2991,1,0.7464,0.6463
2991,2,0.4659,0.5700
2992,1,0.7032,0.6390
2992,2,0.4270,0.5428
2992,3,0.5991,0.5574
2993,1,0.5858,0.6275
2993,2,0.3734,0.5160
2994,1,0.3665,0.4899
2994,2,0.5403,0.6320
2995,1,0.4926,0.6207
2995,2,0.3655,0.4836
2995,3,0.6173,0.5066
2996,1,0.4926,0.6207
2996,2,0.3655,0.4836
2996,3,0.6173,0.5066
2997,1,0.4926,0.6207
2997,2,0.3655,0.4836
2997,3,0.6173,0.5066
2998,1,0.5902,0.5340
2998,2,0.4155,0.5874
2999,1,0.4387,0.5794
2999,2,0.5979,0.5472
3000,1,0.4387,0.5794
3000,2,0.5979,0.5472
3001,1,0.4846,0.5939
3001,2,0.5998,0.5486
3001,3,0.4203,0.4753
3002,1,0.4846,0.5939
3002,2,0.5998,0.5486
3002,3,0.4203,0.4753
3003,1,0.2894,0.4588
3003,2,0.4985,0.4678
3003,3,0.6524,0.6155
3004,1,0.7366,0.6289
3004,2,0.2352,0.4461
3004,3,0.5370,0.4640
3004,4,0.6294,0.5531
3005,1,0.7366,0.6289
3005,2,0.2352,0.4461
3005,3,0.5370,0.4640
3005,4,0.6294,0.5531
3006,1,0.7800,0.6179
3006,2,0.1721,0.4430
3007,1,0.8167,0.6007
3007,2,0.6218,0.5389
3007,3,0.1255,0.4479
3008,1,0.8167,0.6007
3008,2,0.6218,0.5389
3008,3,0.1255,0.4479
3009,1,0.7957,0.5592
3009,2,0.1687,0.4943
3009,3,0.6413,0.5476
3010,1,0.7957,0.5592
3010,2,0.1687,0.4943
3010,3,0.6413,0.5476
3011,1,0.2526,0.5093
3011,2,0.7678,0.5306
3011,3,0.6430,0.5882
3012,1,0.3580,0.5307
3012,2,0.6614,0.6019
3012,3,0.5738,0.4759
3013,1,0.4520,0.5523
3013,2,0.6871,0.5952
3013,3,0.5517,0.4803
3014,1,0.6840,0.6434
3014,2,0.5294,0.5531
3015,1,0.6840,0.6434
3015,2,0.5294,0.5531
3016,1,0.4979,0.4874
3017,1,0.6481,0.6444
3017,2,0.4677,0.4987
3018,1,0.5954,0.6919
3018,2,0.7134,0.5998
3018,3,0.4294,0.5089
3019,1,0.7423,0.6002
3019,2,0.3878,0.5193
3019,3,0.5513,0.6903
3020,1,0.7228,0.6029
3020,2,0.5006,0.6924
3020,3,0.3650,0.5291
3021,1,0.7228,0.6029
3021,2,0.5006,0.6924
3021,3,0.3650,0.5291
3022,1,0.7029,0.6103
3022,2,0.4248,0.7013
3022,3,0.3721,0.5484
3023,1,0.6560,0.6187
3023,2,0.3797,0.6760
3024,1,0.6560,0.6187
3024,2,0.3797,0.6760
3025,1,0.5894,0.6261
3025,2,0.4521,0.5906
3026,1,0.4687,0.6182
3026,2,0.6065,0.6371
3026,3,0.1847,0.7662
3026,4,0.3083,0.5983
3027,1,0.4687,0.6182
3027,2,0.6065,0.6371
3027,3,0.1847,0.7662
3027,4,0.3083,0.5983
3028,1,0.4520,0.6291
3028,2,0.6256,0.6327
3028,3,0.2561,0.5915
3029,1,0.6225,0.6063
3029,2,0.4110,0.6458
3029,3,0.2222,0.5675
3030,1,0.6225,0.6063
3030,2,0.4110,0.6458
3030,3,0.2222,0.5675
3031,1,0.3354,0.6438
3031,2,0.6772,0.6003
3031,3,0.2312,0.5187
3032,1,0.7258,0.6087
3032,2,0.2949,0.6285
3033,1,0.7258,0.6087
3033,2,0.2949,0.6285
3034,1,0.7749,0.5918
3034,2,0.2583,0.5960
3034,3,0.3322,0.4933
3035,1,0.7477,0.5672
3035,2,0.2589,0.5723
3035,3,0.3656,0.4680
3036,1,0.7477,0.5672
3036,2,0.2589,0.5723
3036,3,0.3656,0.4680
3037,1,0.6708,0.5325
3037,2,0.2792,0.5362
3037,3,0.4446,0.4691
3038,1,0.2993,0.5287
3038,2,0.6238,0.5086
3038,3,0.4691,0.4708
3039,1,0.2993,0.5287
3039,2,0.6238,0.5086
3039,3,0.4691,0.4708
3040,1,0.3196,0.5197
3040,2,0.5782,0.5024
3041,1,0.5294,0.4929
3041,2,0.3296,0.5079
3042,1,0.4774,0.5077
3042,2,0.3459,0.5005
3042,3,0.5753,0.4797
3043,1,0.4774,0.5077
3043,2,0.3459,0.5005
3043,3,0.5753,0.4797
3044,1,0.3839,0.5120
3044,2,0.5841,0.4822
3044,3,0.4534,0.5329
3045,1,0.5721,0.4941
3045,2,0.4621,0.5552
3045,3,0.4000,0.5258
3046,1,0.0690,0.4721
3046,2,0.4067,0.5008
3046,3,0.5281,0.5871
3047,1,0.0690,0.4721
3047,2,0.4067,0.5008
3047,3,0.5281,0.5871
3048,1,0.0690,0.4721
3048,2,0.4067,0.5008
3048,3,0.5281,0.5871
3049,1,0.1501,0.4729
3049,2,0.7176,0.6346
3049,3,0.4661,0.5037
3049,4,0.5029,0.5025
3050,1,0.4859,0.5060
3050,2,0.8076,0.6287
3050,3,0.1896,0.4676
3051,1,0.8407,0.6104
3051,2,0.4916,0.5261
3051,3,0.2092,0.4626
3052,1,0.8257,0.5874
3052,2,0.2073,0.4636
3052,3,0.5121,0.5377
3052,4,0.4615,0.5268
3053,1,0.8257,0.5874
3053,2,0.2073,0.4636
3053,3,0.5121,0.5377
3053,4,0.4615,0.5268
3054,1,0.7669,0.5694
3054,2,0.4427,0.5435
3054,3,0.5773,0.5549
3054,4,0.2224,0.4673
3055,1,0.4300,0.5592
3055,2,0.6828,0.5390
3055,3,0.2265,0.4841
3055,4,0.5926,0.5454
3056,1,0.4235,0.5967
3056,2,0.2243,0.4998
3056,3,0.5971,0.5094
3057,1,0.1871,0.5160
3057,2,0.4294,0.6227
3057,3,0.5250,0.5441
3058,1,0.1871,0.5160
3058,2,0.4294,0.6227
3058,3,0.5250,0.5441
3059,1,0.4864,0.6299
3059,2,0.1686,0.5386
3060,1,0.4864,0.6299
3060,2,0.1686,0.5386
3061,1,0.5890,0.6604
3061,2,0.1160,0.5515
3061,3,0.3231,0.5147
3061,4,0.4186,0.5911
3062,1,0.6289,0.6489
3062,2,0.1060,0.5503
3062,3,0.3827,0.5748
3062,4,0.2987,0.5359
3063,1,0.6289,0.6489
3063,2,0.1060,0.5503
3063,3,0.3827,0.5748
3063,4,0.2987,0.5359
3064,1,0.1240,0.5302
3064,2,0.6608,0.6454
3064,3,0.3629,0.5428
3065,1,0.6968,0.6362
3065,2,0.3563,0.5401
3065,3,0.2663,0.5993
3065,4,0.1841,0.5245
3066,1,0.7246,0.6389
3066,2,0.3508,0.5318
3067,1,0.7246,0.6389
3067,2,0.3508,0.5318
3068,1,0.4591,0.6279
3068,2,0.7561,0.6323
3069,1,0.5337,0.6081
3069,2,0.2715,0.4941
3069,3,0.7674,0.5961
3070,1,0.6246,0.6204
3070,2,0.7642,0.5874
3070,3,0.2524,0.5064
3071,1,0.6246,0.6204
3071,2,0.7642,0.5874
3071,3,0.2524,0.5064
3072,1,0.7195,0.6211
3072,2,0.1944,0.4848
3072,3,0.3141,0.5052
3073,1,0.7195,0.6211
3073,2,0.1944,0.4848
3073,3,0.3141,0.5052
3074,1,0.1405,0.5121
3074,2,0.8723,0.6200
3074,3,0.6221,0.5287
3074,4,0.3840,0.4930
3075,1,0.1379,0.5179
3075,2,0.8256,0.5902
3075,3,0.5688,0.5180
3075,4,0.3948,0.5034
3076,1,0.1379,0.5179
3076,2,0.8256,0.5902
3076,3,0.5688,0.5180
3076,4,0.3948,0.5034
3077,1,0.1708,0.5333
3077,2,0.7957,0.5722
3077,3,0.4793,0.5013
3078,1,0.1818,0.5339
3078,2,0.7333,0.5429
3078,3,0.4554,0.5091
3079,1,0.1989,0.5149
3079,2,0.7037,0.5277
3079,3,0.4412,0.5051
3080,1,0.1989,0.5149
3080,2,0.7037,0.5277
3080,3,0.4412,0.5051
3081,1,0.2013,0.4992
3081,2,0.3845,0.5321
3082,1,0.2184,0.4951
3082,2,0.3842,0.5590
3082,3,0.5092,0.4975
3083,1,0.2266,0.4884
3083,2,0.3852,0.5799
3083,3,0.5966,0.4838
3084,1,0.2511,0.4778
3084,2,0.6913,0.4783
3084,3,0.4032,0.6066
3085,1,0.2856,0.4712
3085,2,0.6170,0.6761
3085,3,0.5090,0.5863
3086,1,0.2973,0.4740
3086,2,0.5906,0.5989
3086,3,0.7035,0.6600
3087,1,0.6355,0.6166
3087,2,0.7973,0.6585
3087,3,0.3025,0.4710
3088,1,0.8601,0.6490
3088,2,0.6189,0.6418
3088,3,0.2934,0.4736
3089,1,0.5442,0.6069
3089,2,0.8908,0.6295
3089,3,0.2825,0.4714
3090,1,0.4922,0.6065
3090,2,0.8762,0.5979
3090,3,0.2757,0.4672
3090,4,0.5898,0.5039
3091,1,0.4922,0.6065
3091,2,0.8762,0.5979
3091,3,0.2757,0.4672
3091,4,0.5898,0.5039
3092,1,0.3532,0.5851
3092,2,0.7884,0.5687
3092,3,0.2717,0.4722
3093,1,0.3294,0.6060
3093,2,0.7157,0.5533
3093,3,0.5827,0.4970
3094,1,0.6961,0.5485
3094,2,0.3516,0.5958
3095,1,0.4060,0.5768
3095,2,0.6369,0.5434
3095,3,0.2840,0.4799
3096,1,0.4060,0.5768
3096,2,0.6369,0.5434
3096,3,0.2840,0.4799
3097,1,0.6787,0.6092
3097,2,0.4995,0.5078
3097,3,0.2951,0.4896
3098,1,0.7725,0.6130
3098,2,0.2988,0.4872
3098,3,0.4771,0.5119
3098,4,0.6479,0.5127
3099,1,0.2990,0.4923
3099,2,0.8081,0.5973
3099,3,0.4395,0.5089
3099,4,0.6336,0.5054
3100,1,0.2990,0.4923
3100,2,0.8081,0.5973
3100,3,0.4395,0.5089
3100,4,0.6336,0.5054
3101,1,0.6330,0.5153
3101,2,0.5412,0.4641
3102,1,0.3620,0.5234
3102,2,0.5471,0.4961
3103,1,0.4974,0.4978
3103,2,0.3670,0.5114
3104,1,0.5025,0.5019
3104,2,0.3732,0.5039
3105,1,0.3989,0.5172
3105,2,0.5230,0.4981
3106,1,0.4104,0.5235
3106,2,0.4981,0.5088
3107,1,0.4037,0.5332
3107,2,0.5046,0.5343
3108,1,0.4192,0.5309
3108,2,0.5538,0.5452
3109,1,0.4186,0.5275
3109,2,0.5375,0.5672
3109,3,0.6462,0.4679
3110,1,0.5815,0.6126
3110,2,0.4222,0.5181
3111,1,0.6961,0.6263
3111,2,0.4230,0.5148
3112,1,0.7882,0.6125
3112,2,0.4245,0.5029
3113,1,0.7882,0.6125
3113,2,0.4245,0.5029
3114,1,0.3855,0.5105
3114,2,0.8143,0.5377
3114,3,0.6753,0.4761
3115,1,0.6664,0.5016
3115,2,0.3930,0.5180
3116,1,0.4010,0.5186
3116,2,0.6106,0.4902
3117,1,0.3976,0.4989
3117,2,0.5463,0.4988
3117,3,0.6516,0.4903
3118,1,0.6370,0.4917
3118,2,0.3573,0.5204
3118,3,0.4967,0.5202
3119,1,0.3843,0.5350
3119,2,0.4785,0.5307
3119,3,0.6274,0.4858
3120,1,0.5490,0.5530
3120,2,0.6261,0.5046
3120,3,0.3803,0.5242
3121,1,0.5003,0.5517
3121,2,0.3861,0.5340
3121,3,0.6328,0.4804
3122,1,0.5486,0.5872
3122,2,0.3939,0.5186
3123,1,0.6635,0.6033
3123,2,0.3876,0.5264
3124,1,0.7614,0.6053
3124,2,0.6192,0.4955
3124,3,0.3922,0.5214
3125,1,0.7789,0.5435
3125,2,0.3953,0.5146
3125,3,0.6303,0.4931
3126,1,0.7789,0.5435
3126,2,0.3953,0.5146
3126,3,0.6303,0.4931
3127,1,0.3836,0.5197
3127,2,0.6568,0.4998
3128,1,0.3821,0.5215
3128,2,0.6446,0.5006
3129,1,0.3821,0.5215
3129,2,0.6446,0.5006
3130,1,0.4054,0.5128
3130,2,0.3153,0.5072
3130,3,0.7121,0.5151
3130,4,0.6267,0.4917
3131,1,0.4054,0.5128
3131,2,0.3153,0.5072
3131,3,0.7121,0.5151
3131,4,0.6267,0.4917
3132,1,0.8229,0.5641
3132,2,0.3243,0.5025
3132,3,0.3967,0.5119
3133,1,0.8261,0.6130
3133,2,0.4034,0.5146
3133,3,0.6342,0.4848
3133,4,0.3006,0.5030
3134,1,0.4057,0.5167
3134,2,0.7980,0.6352
3134,3,0.6324,0.4865
3134,4,0.2859,0.4937
3135,1,0.4059,0.5174
3135,2,0.7721,0.6456
3135,3,0.2797,0.4975
3136,1,0.4048,0.5185
3136,2,0.2953,0.5075
3136,3,0.7581,0.6589
3136,4,0.6233,0.4859
3137,1,0.4048,0.5185
3137,2,0.2953,0.5075
3137,3,0.7581,0.6589
3137,4,0.6233,0.4859
3138,1,0.7031,0.6340
3138,2,0.4058,0.5186
3138,3,0.3029,0.5045
3139,1,0.5930,0.6269
3139,2,0.3998,0.5182
3139,3,0.3090,0.5078
3140,1,0.5930,0.6269
3140,2,0.3998,0.5182
3140,3,0.3090,0.5078
3141,1,0.5360,0.6223
3141,2,0.6395,0.4929
3142,1,0.5360,0.6223
3142,2,0.6395,0.4929
3143,1,0.6137,0.5952
3143,2,0.3868,0.5304
3143,3,0.3267,0.5184
3144,1,0.7216,0.6028
3144,2,0.3979,0.5214
3144,3,0.3181,0.5184
3145,1,0.3937,0.5265
3145,2,0.8526,0.5933
3145,3,0.6841,0.5142
3146,1,0.3942,0.5233
3146,2,0.8625,0.5784
3146,3,0.6826,0.5220
3147,1,0.8346,0.5424
3147,2,0.3981,0.5197
3147,3,0.3197,0.5131
3147,4,0.6862,0.5256
3148,1,0.4039,0.5187
3148,2,0.3104,0.5108
3149,1,0.4047,0.5188
3149,2,0.3089,0.5076
3149,3,0.6797,0.5366
3150,1,0.4128,0.5225
3150,2,0.3059,0.5045
3150,3,0.6837,0.5124
3151,1,0.4128,0.5225
3151,2,0.3059,0.5045
3151,3,0.6837,0.5124
3152,1,0.3146,0.5158
3152,2,0.4029,0.5201
3152,3,0.6934,0.5109
3153,1,0.3146,0.5158
3153,2,0.4029,0.5201
3153,3,0.6934,0.5109
3154,1,0.3258,0.5445
3154,2,0.3920,0.5322
3154,3,0.0386,0.4034
3154,4,0.6742,0.5201
3155,1,0.3933,0.5266
3155,2,0.6713,0.5264
3155,3,0.3180,0.5400
3156,1,0.3933,0.5266
3156,2,0.6713,0.5264
3156,3,0.3180,0.5400
3157,1,0.3993,0.5224
3157,2,0.6819,0.5273
3157,3,0.3180,0.5242
3158,1,0.6942,0.5149
3158,2,0.4037,0.5221
3158,3,0.3213,0.5075
3159,1,0.7006,0.5290
3159,2,0.4037,0.5195
3159,3,0.3252,0.5133
3159,4,0.0310,0.5200
3160,1,0.6954,0.5079
3160,2,0.1561,0.5373
3160,3,0.4043,0.5213
3160,4,0.3210,0.5115
3161,1,0.7176,0.4823
3161,2,0.3994,0.5218
3161,3,0.3007,0.5248
3162,1,0.7176,0.4823
3162,2,0.3994,0.5218
3162,3,0.3007,0.5248
3163,1,0.7463,0.4876
3163,2,0.4721,0.5182
3163,3,0.3483,0.5127
3164,1,0.7463,0.4876
3164,2,0.4721,0.5182
3164,3,0.3483,0.5127
3165,1,0.4066,0.5170
3165,2,0.7363,0.4908
3165,3,0.3256,0.5102
3165,4,0.6332,0.5149
3166,1,0.3145,0.5104
3166,2,0.4073,0.5168
3166,3,0.6676,0.5119
3167,1,0.3115,0.5135
3167,2,0.4026,0.5141
3167,3,0.6712,0.5134
3168,1,0.3990,0.5135
3168,2,0.3195,0.5073
3169,1,0.4053,0.5160
3169,2,0.7023,0.5100
3169,3,0.3212,0.5155
3170,1,0.4053,0.5160
3170,2,0.7023,0.5100
3170,3,0.3212,0.5155
3171,1,0.4214,0.5753
3171,2,0.3252,0.5203
3171,3,0.6920,0.5153
3172,1,0.4214,0.5753
3172,2,0.3252,0.5203
3172,3,0.6920,0.5153
3173,1,0.4200,0.5666
3173,2,0.3304,0.5166
3173,3,0.6907,0.5149
3174,1,0.3305,0.5190
3174,2,0.4197,0.5618
3174,3,0.7083,0.5162
3175,1,0.3305,0.5190
3175,2,0.4197,0.5618
3175,3,0.7083,0.5162
3176,1,0.3313,0.5192
3176,2,0.4202,0.5607
3176,3,0.6930,0.5246
3177,1,0.3313,0.5192
3177,2,0.4202,0.5607
3177,3,0.6930,0.5246
3178,1,0.3229,0.5198
3178,2,0.4183,0.5590
3178,3,0.7120,0.5370
3179,1,0.3229,0.5198
3179,2,0.4183,0.5590
3179,3,0.7120,0.5370
3180,1,0.3302,0.5193
3180,2,0.4197,0.5547
3180,3,0.7040,0.5307
3181,1,0.3302,0.5193
3181,2,0.4197,0.5547
3181,3,0.7040,0.5307
3182,1,0.3237,0.5161
3182,2,0.4203,0.5561
3182,3,0.6889,0.5214
3183,1,0.4203,0.5532
3183,2,0.3276,0.5124
3183,3,0.6781,0.5190
3184,1,0.4203,0.5532
3184,2,0.3276,0.5124
3184,3,0.6781,0.5190
3185,1,0.4203,0.5532
3185,2,0.3276,0.5124
3185,3,0.6781,0.5190
3186,1,0.4193,0.5446
3186,2,0.3277,0.5138
3186,3,0.6643,0.5268
3187,1,0.4193,0.5446
3187,2,0.3277,0.5138
3187,3,0.6643,0.5268
3188,1,0.3695,0.5364
3188,2,0.6713,0.5286
3188,3,0.3284,0.5282
3189,1,0.3695,0.5364
3189,2,0.6713,0.5286
3189,3,0.3284,0.5282
3190,1,0.3534,0.5457
3190,2,0.6638,0.5112
3191,1,0.6604,0.5184
3191,2,0.3433,0.5213
3192,1,0.6718,0.5279
3192,2,0.3252,0.5303
3193,1,0.6835,0.5309
3193,2,0.2995,0.5212
3194,1,0.6835,0.5309
3194,2,0.2995,0.5212
3195,1,0.6835,0.5309
3195,2,0.2995,0.5212
3196,1,0.2010,0.5099
3196,2,0.7744,0.5667
3196,3,0.3302,0.4992
3196,4,0.6716,0.4906
3197,1,0.8018,0.5823
3197,2,0.3499,0.5047
3197,3,0.1827,0.4917
3197,4,0.6668,0.4989
3198,1,0.8090,0.6032
3198,2,0.1746,0.4621
3198,3,0.3563,0.4845
3198,4,0.6745,0.4937
3199,1,0.7874,0.6175
3199,2,0.2047,0.4537
3199,3,0.3541,0.4788
3199,4,0.6924,0.4993
3200,1,0.7874,0.6175
3200,2,0.2047,0.4537
3200,3,0.3541,0.4788
3200,4,0.6924,0.4993
3201,1,0.7425,0.6173
3201,2,0.2258,0.4424
3201,3,0.3522,0.5038
3202,1,0.6943,0.6300
3202,2,0.3717,0.5131
3202,3,0.2643,0.4379
3203,1,0.6943,0.6300
3203,2,0.3717,0.5131
3203,3,0.2643,0.4379
3204,1,0.5715,0.6485
3204,2,0.8094,0.5334
3205,1,0.5231,0.6358
3205,2,0.3705,0.5142
3205,3,0.8353,0.5379
3206,1,0.5231,0.6358
3206,2,0.3705,0.5142
3206,3,0.8353,0.5379
3207,1,0.5168,0.6474
3207,2,0.8650,0.5512
3207,3,0.3301,0.5442
3208,1,0.5092,0.6535
3208,2,0.2849,0.5428
3208,3,0.8908,0.5656
3209,1,0.2482,0.5084
3209,2,0.9230,0.5733
3209,3,0.4941,0.6183
3210,1,0.2148,0.4985
3210,2,0.4897,0.6407
3210,3,0.9621,0.5918
3211,1,0.2148,0.4985
3211,2,0.4897,0.6407
3211,3,0.9621,0.5918
3212,1,0.4991,0.6689
3212,2,0.1639,0.4949
3213,1,0.1400,0.4680
3213,2,0.4609,0.6784
3214,1,0.3900,0.7025
3214,2,0.1109,0.4829
3215,1,0.2798,0.6598
3215,2,0.0922,0.4660
3216,1,0.1884,0.7192
3217,1,0.0873,0.7122
3218,1,0.0296,0.4715
3219,1,0.0296,0.4715
3224,1,0.4201,0.7461
3225,1,0.6009,0.7372
3226,1,0.6009,0.7372
3227,1,0.6530,0.6710
3228,1,0.5084,0.6075
3229,1,0.4445,0.5648
3230,1,0.4183,0.5311
3231,1,0.4166,0.5019
3232,1,0.4052,0.4549
3232,2,0.6790,0.4389
3233,1,0.3983,0.4322
3234,1,0.3818,0.4282
3235,1,0.3420,0.4188
3235,2,0.6856,0.4438
3236,1,0.3183,0.4183
3237,1,0.2952,0.4192
3237,2,0.6950,0.4543
3238,1,0.2493,0.4228
3239,1,0.1551,0.4466
3240,1,0.0989,0.4754
3240,2,0.7217,0.4689
3241,1,0.0398,0.4881
3242,1,0.7087,0.4601
3243,1,0.7113,0.4610
3244,1,0.7116,0.4599
3245,1,0.7115,0.4595
3246,1,0.7115,0.4595
3247,1,0.0465,0.6142
3247,2,0.7101,0.4607
3248,1,0.0642,0.6305
3248,2,0.7123,0.4579
3249,1,0.0846,0.6342
3249,2,0.7115,0.4621
3250,1,0.1190,0.6300
3250,2,0.7117,0.4631
3251,1,0.1471,0.6284
3251,2,0.7120,0.4623
3252,1,0.1526,0.6281
3252,2,0.7111,0.4630
3253,1,0.1526,0.6281
3253,2,0.7111,0.4630
3254,1,0.1574,0.6273
3254,2,0.7093,0.4623
3255,1,0.1411,0.6346
3255,2,0.7082,0.4627
3256,1,0.0493,0.6725
3256,2,0.7084,0.4927
3257,1,0.7090,0.4774
3258,1,0.7092,0.4745
3259,1,0.7083,0.4794
3260,1,0.7079,0.4812
3261,1,0.7075,0.4823
3262,1,0.7066,0.4806
3263,1,0.7062,0.4789
3264,1,0.7070,0.4809
3265,1,0.7073,0.4824
3266,1,0.7067,0.4800
3267,1,0.7067,0.4800
3268,1,0.7055,0.4801
3269,1,0.7057,0.4792
3270,1,0.7053,0.4782
3271,1,0.7053,0.4782
3272,1,0.7069,0.4817
3273,1,0.7082,0.4815
3274,1,0.7077,0.4806
3275,1,0.7077,0.4806
3276,1,0.7081,0.4804
3277,1,0.7079,0.4824
3278,1,0.7079,0.4824
3279,1,0.7076,0.4811
3280,1,0.7089,0.4805
3281,1,0.7089,0.4805
3282,1,0.7082,0.4815
3283,1,0.7082,0.4815
3284,1,0.7165,0.4728
3285,1,0.7114,0.4799
3286,1,0.7133,0.4784
3287,1,0.7133,0.4784
3288,1,0.7134,0.5075
3289,1,0.7124,0.4894
3290,1,0.7095,0.4732
3291,1,0.7096,0.4723
3292,1,0.7093,0.4720
3293,1,0.7093,0.4720
3294,1,0.7091,0.4777
3295,1,0.7087,0.4774
3296,1,0.7079,0.4770
3297,1,0.7088,0.4778
3298,1,0.7075,0.4773
3299,1,0.7052,0.4716
3300,1,0.7052,0.4716
3301,1,0.7041,0.4716
3302,1,0.7048,0.4720
3303,1,0.7036,0.4744
3304,1,0.7037,0.4759
3305,1,0.7045,0.4781
3306,1,0.7059,0.4761
3307,1,0.7071,0.4777
3308,1,0.7057,0.4783
3309,1,0.7057,0.4783
3310,1,0.7041,0.4760
3311,1,0.7073,0.4802
3312,1,0.7073,0.4802
3313,1,0.7101,0.4823
3314,1,0.7116,0.4846
3315,1,0.9057,0.6861
3315,2,0.7140,0.4816
3316,1,0.8324,0.6699
3316,2,0.7137,0.4824
3317,1,0.7713,0.6469
3317,2,0.0431,0.5348
3318,1,0.6919,0.6250
3318,2,0.0987,0.5297
3319,1,0.6084,0.6041
3319,2,0.1439,0.5393
3319,3,0.7248,0.4831
3320,1,0.6084,0.6041
3320,2,0.1439,0.5393
3320,3,0.7248,0.4831
3321,1,0.1370,0.5147
3321,2,0.5282,0.5915
3322,1,0.1370,0.5147
3322,2,0.5282,0.5915
3323,1,0.2317,0.5272
3323,2,0.7274,0.4924
3324,1,0.2897,0.5228
3324,2,0.7268,0.4920
3324,3,0.4079,0.5117
3325,1,0.2897,0.5228
3325,2,0.7268,0.4920
3325,3,0.4079,0.5117
3326,1,0.7270,0.4894
3327,1,0.3856,0.5153
3327,2,0.7264,0.4902
3328,1,0.7279,0.4922
3328,2,0.4315,0.5047
3329,1,0.7302,0.4945
3330,1,0.7302,0.4945
3331,1,0.7345,0.4935
3332,1,0.7345,0.4935
3335,1,0.5268,0.4670
3336,1,0.5268,0.4670
3337,1,0.3234,0.4206
3338,1,0.3234,0.4206
3339,1,0.2819,0.4308
3339,2,0.5346,0.4524
3340,1,0.2470,0.4323
3341,1,0.2470,0.4323
3342,1,0.2138,0.4292
3342,2,0.4473,0.4341
3343,1,0.2138,0.4292
3343,2,0.4473,0.4341
3344,1,0.2222,0.4295
3344,2,0.4528,0.4625
3345,1,0.2271,0.4253
3346,1,0.2277,0.4294
3347,1,0.2277,0.4294
3348,1,0.2301,0.4302
3348,2,0.5705,0.5010
3349,1,0.2309,0.4315
3349,2,0.6033,0.5257
3350,1,0.2309,0.4315
3350,2,0.6033,0.5257
3351,1,0.2319,0.4292
3351,2,0.7039,0.5545
3352,1,0.2302,0.4283
3352,2,0.7176,0.5617
3353,1,0.2302,0.4283
3353,2,0.7176,0.5617
3354,1,0.2326,0.4294
3354,2,0.5997,0.5569
3355,1,0.2316,0.4299
3355,2,0.4787,0.8135
3356,1,0.4081,0.5344
3356,2,0.2299,0.4345
3357,1,0.2289,0.4341
3358,1,0.3397,0.5621
3358,2,0.2267,0.4317
3358,3,0.4774,0.8392
3359,1,0.3084,0.5829
3360,1,0.3398,0.6047
3360,2,0.2235,0.4362
3361,1,0.2287,0.4347
3362,1,0.2287,0.4347
3363,1,0.5774,0.6330
3363,2,0.2292,0.4334
3364,1,0.5955,0.6251
3364,2,0.2231,0.4270
3365,1,0.6152,0.6127
3365,2,0.2143,0.4298
3366,1,0.5968,0.6193
3366,2,0.4760,0.8149
3367,1,0.6276,0.5904
3367,2,0.2072,0.4227
3368,1,0.6129,0.5745
3368,2,0.2053,0.4218
3369,1,0.6014,0.5811
3369,2,0.1990,0.4181
3370,1,0.5744,0.5887
3370,2,0.1984,0.4254
3371,1,0.0729,0.7031
3371,2,0.5427,0.6466
3372,1,0.0595,0.6944
3372,2,0.2091,0.4184
3372,3,0.4886,0.6427
3373,1,0.0830,0.7350
3373,2,0.2144,0.4178
3373,3,0.4504,0.6400
3374,1,0.2157,0.4278
3374,2,0.0972,0.7631
3374,3,0.4068,0.6447
3375,1,0.3687,0.6215
3375,2,0.0917,0.7377
3376,1,0.3130,0.5874
3377,1,0.3402,0.5715
3377,2,0.1097,0.7493
3378,1,0.1246,0.7460
3378,2,0.3695,0.5600
3379,1,0.1246,0.7460
3379,2,0.3695,0.5600
3380,1,0.4695,0.5283
3380,2,0.1940,0.4315
3382,1,0.5710,0.5359
3383,1,0.5710,0.5359
3384,1,0.7508,0.5577
3385,1,0.7788,0.5781
3386,1,0.8037,0.6059
3387,1,0.8037,0.6059
3388,1,0.8413,0.6184
3388,2,0.4601,0.8166
3388,3,0.3483,0.4730
3389,1,0.4383,0.8045
3389,2,0.8513,0.5939
3389,3,0.2153,0.5504
3390,1,0.8465,0.5653
3390,2,0.4203,0.4574
3390,3,0.2148,0.5503
3391,1,0.8534,0.6085
3391,2,0.4496,0.4706
3391,3,0.2162,0.5451
3392,1,0.8623,0.5981
3392,2,0.2181,0.5397
3393,1,0.8007,0.5826
3393,2,0.4433,0.8310
3393,3,0.2173,0.5401
3394,1,0.8007,0.5826
3394,2,0.4433,0.8310
3394,3,0.2173,0.5401
3395,1,0.8212,0.5708
3395,2,0.2158,0.5397
3396,1,0.8679,0.5366
3396,2,0.2156,0.5376
3397,1,0.2166,0.5348
3397,2,0.8899,0.5773
3398,1,0.8780,0.5716
3398,2,0.2174,0.5381
3399,1,0.8404,0.5707
3400,1,0.7455,0.5912
3400,2,0.2163,0.5379
3401,1,0.7455,0.5912
3401,2,0.2163,0.5379
3402,1,0.7260,0.5862
3402,2,0.2169,0.5354
3403,1,0.8360,0.5958
3403,2,0.2176,0.5368
3404,1,0.8870,0.6004
3405,1,0.2173,0.5384
3405,2,0.9632,0.5969
3406,1,0.2166,0.5358
3407,1,0.2175,0.5360
3408,1,0.2175,0.5360
3409,1,0.8930,0.5425
3409,2,0.2167,0.5378
3410,1,0.8518,0.5343
3410,2,0.2164,0.5355
3411,1,0.4717,0.7998
3411,2,0.2152,0.5398
3411,3,0.8156,0.5155
3412,1,0.7585,0.5016
3412,2,0.2162,0.5406
3412,3,0.4739,0.4620
3413,1,0.2157,0.5395
3413,2,0.5013,0.4664
3414,1,0.2164,0.5410
3414,2,0.6664,0.4749
3415,1,0.6453,0.4634
3416,1,0.2159,0.5391
3417,1,0.4591,0.7972
3417,2,0.2173,0.5372
3418,1,0.2176,0.5389
3419,1,0.2159,0.5402
3420,1,0.2164,0.5395
3421,1,0.2158,0.5411
3422,1,0.2167,0.5422
3423,1,0.2172,0.5427
3426,1,0.2140,0.5463
3428,1,0.3221,0.4166
3429,1,0.3221,0.4166
3431,1,0.4983,0.6140
3433,1,0.1315,0.4274
3434,1,0.1315,0.4274
3435,1,0.0743,0.4198
3435,2,0.2144,0.5472
3436,1,0.2152,0.5576
3438,1,0.2159,0.5466
3439,1,0.2176,0.5521
3440,1,0.2175,0.5434
3441,1,0.2177,0.5429
3444,1,0.4949,0.6212
3446,1,0.2153,0.5431
3454,1,0.2162,0.5433
3455,1,0.2162,0.5433
3456,1,0.2173,0.5510
3457,1,0.2173,0.5510
3458,1,0.2186,0.5440
3459,1,0.2204,0.5438
3464,1,0.2158,0.5446
3465,1,0.2158,0.5446
3466,1,0.2108,0.5467
3469,1,0.4974,0.6118
3472,1,0.4972,0.6136
3473,1,0.4972,0.6136
3479,1,0.6615,0.7867
3479,2,0.2181,0.5491
3479,3,0.4934,0.6134
3480,1,0.7896,0.7678
3480,2,0.2169,0.5487
3480,3,0.4963,0.6126
3481,1,0.8283,0.7982
3481,2,0.2169,0.5472
3481,3,0.4974,0.6255
3482,1,0.8609,0.7470
3482,2,0.4967,0.6200
3483,1,0.9234,0.7806
3483,2,0.2169,0.5495
3483,3,0.4974,0.6209
3484,1,0.9499,0.7556
3484,2,0.2167,0.5487
3484,3,0.4982,0.6239
3485,1,0.9499,0.7556
3485,2,0.2167,0.5487
3485,3,0.4982,0.6239
3486,1,0.2151,0.5471
3486,2,0.4970,0.6191
3487,1,0.2158,0.5423
3487,2,0.4970,0.6233
3488,1,0.2177,0.5436
3488,2,0.4972,0.6246
3489,1,0.2170,0.5478
3489,2,0.4970,0.6244
3491,1,0.2161,0.5475
3492,1,0.2164,0.5426
3493,1,0.2164,0.5426
3494,1,0.2164,0.5398
3495,1,0.2164,0.5398
3496,1,0.2192,0.5417
3497,1,0.2191,0.5433
3498,1,0.2174,0.5496
3499,1,0.4974,0.6272
3500,1,0.2168,0.5473
3500,2,0.4977,0.6264
3501,1,0.2180,0.5445
3502,1,0.2186,0.5416
3503,1,0.2189,0.5335
3506,1,0.2183,0.5442
3507,1,0.2186,0.5457
3508,1,0.2170,0.5480
3509,1,0.2163,0.5441
3510,1,0.2163,0.5441
3511,1,0.2164,0.5367
3512,1,0.2164,0.5389
3512,2,0.9358,0.5744
3513,1,0.9209,0.5622
3513,2,0.2155,0.5462
3514,1,0.2149,0.5482
3514,2,0.9049,0.5583
3515,1,0.2149,0.5482
3515,2,0.9049,0.5583
3516,1,0.8667,0.5522
3516,2,0.2163,0.5488
3517,1,0.2158,0.5469
3517,2,0.8287,0.5473
3518,1,0.2162,0.5468
3518,2,0.8100,0.5497
3519,1,0.7863,0.5485
3519,2,0.2162,0.5461
3520,1,0.7712,0.5554
3520,2,0.2164,0.5473
3521,1,0.7510,0.5483
3521,2,0.2168,0.5475
3522,1,0.7206,0.5489
3522,2,0.2173,0.5480
3523,1,0.7088,0.5426
3523,2,0.2172,0.5458
3524,1,0.6948,0.5464
3524,2,0.2171,0.5479
3525,1,0.2174,0.5477
3525,2,0.6520,0.5319
3526,1,0.6360,0.5398
3526,2,0.2167,0.5482
3527,1,0.2166,0.5473
3527,2,0.6178,0.5297
3528,1,0.6097,0.5258
3528,2,0.2142,0.5418
3529,1,0.6092,0.5380
3530,1,0.6092,0.5380
3531,1,0.5872,0.5133
3531,2,0.2164,0.5374
3532,1,0.6055,0.5197
3532,2,0.2156,0.5373
3533,1,0.6035,0.5133
3533,2,0.2155,0.5411
3534,1,0.5890,0.5029
3534,2,0.2156,0.5441
3535,1,0.2158,0.5447
3535,2,0.5961,0.5014
3536,1,0.5877,0.4833
3536,2,0.2162,0.5432
3537,1,0.2160,0.5439
3538,1,0.2160,0.5439
3539,1,0.5837,0.4674
3539,2,0.2148,0.5388
3541,1,0.2167,0.5347
3543,1,0.2171,0.5380
3544,1,0.2173,0.5388
3545,1,0.2168,0.5446
3546,1,0.2170,0.5427
3547,1,0.2170,0.5427
3548,1,0.2165,0.5424
3549,1,0.2168,0.5434
3549,2,0.4319,0.4307
3549,3,0.4991,0.6245
3550,1,0.2168,0.5434
3550,2,0.4319,0.4307
3550,3,0.4991,0.6245
3551,1,0.2162,0.5437
3551,2,0.4938,0.6253
3552,1,0.2165,0.5424
3553,1,0.2155,0.5383
3554,1,0.2155,0.5383
3555,1,0.2117,0.5319
3556,1,0.2130,0.5329
3557,1,0.2130,0.5329
3558,1,0.2138,0.5377
3559,1,0.2150,0.5426
3559,2,0.3258,0.4319
3560,1,0.2147,0.5428
3561,1,0.2156,0.5434
3562,1,0.2156,0.5434
3564,1,0.2900,0.4194
3565,1,0.2868,0.4258
3572,1,0.4936,0.6312
3580,1,0.1938,0.4211
3581,1,0.1906,0.4224
3583,1,0.1875,0.4217
3584,1,0.1879,0.4246
3585,1,0.1868,0.4270
3586,1,0.1868,0.4270
3587,1,0.1863,0.4314
3588,1,0.1863,0.4314
3593,1,0.1509,0.4231
3594,1,0.1479,0.4290
3595,1,0.1405,0.4271
3596,1,0.1226,0.4271
3597,1,0.1226,0.4271
3598,1,0.1085,0.4239
3599,1,0.1048,0.4203
3600,1,0.0995,0.4202
3600,2,0.2134,0.5436
3601,1,0.0976,0.4243
3602,1,0.0957,0.4298
3603,1,0.0927,0.4301
3603,2,0.2123,0.5427
3604,1,0.0866,0.4327
3606,1,0.0691,0.4296
3606,2,0.2173,0.5418
3607,1,0.0610,0.4316
3608,1,0.0543,0.4427
3608,2,0.2157,0.5448
3609,1,0.0555,0.4450
3609,2,0.2161,0.5436
3610,1,0.0564,0.4445
3610,2,0.2161,0.5448
3611,1,0.0572,0.4387
3611,2,0.2190,0.5472
3612,1,0.0590,0.4415
3613,1,0.0768,0.4443
3614,1,0.0839,0.4509
3614,2,0.2356,0.5523
3615,1,0.0896,0.4536
3615,2,0.2339,0.5484
3616,1,0.0956,0.4482
3616,2,0.2304,0.5439
3617,1,0.0993,0.4489
3617,2,0.2306,0.5519
3618,1,0.1008,0.4494
3618,2,0.2304,0.5508
3619,1,0.1023,0.4406
3619,2,0.2307,0.5491
3620,1,0.1019,0.4436
3620,2,0.2308,0.5475
3621,1,0.1036,0.4411
3621,2,0.2317,0.5463
3622,1,0.1055,0.4471
3622,2,0.2323,0.5467
3623,1,0.1106,0.4531
3624,1,0.1106,0.4531
3625,1,0.1231,0.4537
3626,1,0.1262,0.4478
3627,1,0.1279,0.4453
3628,1,0.1391,0.4541
3629,1,0.1441,0.4586
3630,1,0.1534,0.4583
3631,1,0.1686,0.4608
3632,1,0.1762,0.4609
3634,1,0.1843,0.4564
3637,1,0.2094,0.4699
3638,1,0.2183,0.4675
3639,1,0.2287,0.4701
3640,1,0.2287,0.4701
3641,1,0.2378,0.4713
3642,1,0.2464,0.4673
3643,1,0.2594,0.4680
3644,1,0.2659,0.4733
3645,1,0.2703,0.4711
3646,1,0.2774,0.4698
3647,1,0.2786,0.4716
3648,1,0.2816,0.4731
3649,1,0.2816,0.4731
3651,1,0.2982,0.4767
3655,1,0.3248,0.4922
3656,1,0.3328,0.4934
3657,1,0.3328,0.4934
3658,1,0.3540,0.4922
3659,1,0.3597,0.4905
3660,1,0.3597,0.4902
3661,1,0.3597,0.4902
3662,1,0.3639,0.4865
3663,1,0.3639,0.4865
3664,1,0.3681,0.4816
3665,1,0.2473,0.5587
3665,2,0.3686,0.4848
3666,1,0.3700,0.4908
3667,1,0.3700,0.4908
3668,1,0.3767,0.4925
3669,1,0.3892,0.4969
3670,1,0.3974,0.4995
3671,1,0.3974,0.4995
3672,1,0.4089,0.4999
3673,1,0.4123,0.5005
3674,1,0.4146,0.4995
3674,2,0.2247,0.5560
3675,1,0.4146,0.4995
3675,2,0.2247,0.5560
3677,1,0.2226,0.5469
3678,1,0.2243,0.5417
3679,1,0.2243,0.5417
3680,1,0.2248,0.5400
3680,2,0.4179,0.4879
3681,1,0.2253,0.5434
3682,1,0.2261,0.5453
3683,1,0.2261,0.5453
3684,1,0.2262,0.5446
3685,1,0.2247,0.5426
3685,2,0.4198,0.4824
3686,1,0.2247,0.5426
3686,2,0.4198,0.4824
3687,1,0.2257,0.5460
3688,1,0.2257,0.5460
3689,1,0.2266,0.5457
3690,1,0.2274,0.5459
3691,1,0.2264,0.5458
3692,1,0.2269,0.5453
3693,1,0.2264,0.5453
3694,1,0.2253,0.5459
3695,1,0.2253,0.5459
3696,1,0.2253,0.5459
3697,1,0.2273,0.5477
3698,1,0.2296,0.5522
3702,1,0.2302,0.5511
3703,1,0.2286,0.5497
3704,1,0.2286,0.5497
3705,1,0.4355,0.4848
3705,2,0.2285,0.5502
3706,1,0.2295,0.5536
3707,1,0.2295,0.5536
3708,1,0.2312,0.5548
3713,1,0.2298,0.5540
3714,1,0.2298,0.5540
3718,1,0.2295,0.5545
3719,1,0.2295,0.5545
3720,1,0.2295,0.5545
3721,1,0.2288,0.5533
3724,1,0.2286,0.5551
3725,1,0.2286,0.5551
3726,1,0.4908,0.6129
3726,2,0.3853,0.4746
3727,1,0.3852,0.4638
3728,1,0.3872,0.4639
3728,2,0.4947,0.6040
3728,3,0.2289,0.5549
3729,1,0.2294,0.5546
3730,1,0.3865,0.4664
3734,1,0.3745,0.4807
3734,2,0.2254,0.5527
3735,1,0.3630,0.4870
3736,1,0.2223,0.5494
3736,2,0.3585,0.4801
3737,1,0.2223,0.5496
3738,1,0.3465,0.4798
3739,1,0.3429,0.4752
3739,2,0.2246,0.5515
3740,1,0.3429,0.4752
3740,2,0.2246,0.5515
3741,1,0.3423,0.4580
3741,2,0.2229,0.5494
3742,1,0.3376,0.4682
3742,2,0.2220,0.5499
3743,1,0.3376,0.4682
3743,2,0.2220,0.5499
3744,1,0.3335,0.4803
3744,2,0.2230,0.5543
3745,1,0.3320,0.4756
3745,2,0.2234,0.5539
3746,1,0.3320,0.4756
3746,2,0.2234,0.5539
3747,1,0.3327,0.4748
3748,1,0.3329,0.4833
3749,1,0.3292,0.4828
3750,1,0.3211,0.4805
3751,1,0.3179,0.4784
3752,1,0.3147,0.4723
3753,1,0.3127,0.4463
3753,2,0.5121,0.5884
3754,1,0.3168,0.4395
3754,2,0.5158,0.5855
3755,1,0.3215,0.4462
3755,2,0.5116,0.5847
3756,1,0.3189,0.4435
3756,2,0.5113,0.6006
3757,1,0.5051,0.6061
3757,2,0.3183,0.4465
3757,3,0.2242,0.5573
3758,1,0.2237,0.5630
3759,1,0.2230,0.5631
3759,2,0.3142,0.4485
3763,1,0.3106,0.4519
3764,1,0.3066,0.4483
3765,1,0.3025,0.4480
3767,1,0.3115,0.4517
3768,1,0.3115,0.4517
3769,1,0.3161,0.4475
3770,1,0.3209,0.4509
3771,1,0.3209,0.4494
3772,1,0.2317,0.5595
3775,1,0.3246,0.4445
3776,1,0.3266,0.4369
3779,1,0.3237,0.4296
3780,1,0.3228,0.4267
3781,1,0.3254,0.4298
3782,1,0.3278,0.4218
3783,1,0.3238,0.4220
3784,1,0.3308,0.4220
3785,1,0.3304,0.4253
3786,1,0.3343,0.4283
3803,1,0.5734,0.6846
3804,1,0.5734,0.6846
3805,1,0.5779,0.6845
3806,1,0.5755,0.6880
3807,1,0.5755,0.6880
3810,1,0.5902,0.7041
3811,1,0.5917,0.7038
3814,1,0.5950,0.7113
3819,1,0.2698,0.4257
3820,1,0.2722,0.4247
3821,1,0.2763,0.4257
3822,1,0.2798,0.4259
3823,1,0.2831,0.4213
3824,1,0.2825,0.4250
3829,1,0.2887,0.4203
3830,1,0.2927,0.4222
3831,1,0.2927,0.4222
3832,1,0.2954,0.4264
3855,1,0.6031,0.7091
3862,1,0.4996,0.6049
3865,1,0.2251,0.5512
3866,1,0.3136,0.5341
3867,1,0.3218,0.5304
3867,2,0.2221,0.5485
3868,1,0.3218,0.5304
3868,2,0.2221,0.5485
3869,1,0.3397,0.5301
3869,2,0.2208,0.5457
3870,1,0.2226,0.5428
3870,2,0.3454,0.5363
3871,1,0.3494,0.5397
3871,2,0.2248,0.5432
3872,1,0.2245,0.5442
3873,1,0.2245,0.5442
3874,1,0.3498,0.5431
3874,2,0.2244,0.5456
3875,1,0.3502,0.5428
3875,2,0.2248,0.5466
3876,1,0.3489,0.5427
3876,2,0.2216,0.5465
3877,1,0.3475,0.5441
3877,2,0.2200,0.5519
3878,1,0.3479,0.5412
3878,2,0.2195,0.5524
3879,1,0.3473,0.5377
3879,2,0.2203,0.5531
3880,1,0.3468,0.5356
3880,2,0.2207,0.5504
3881,1,0.3469,0.5362
3882,1,0.3465,0.5374
3883,1,0.3455,0.5362
3884,1,0.3462,0.5344
3886,1,0.2219,0.5644
3889,1,0.2233,0.5651
3890,1,0.2220,0.5672
3892,1,0.5973,0.7208
3892,2,0.2225,0.5664
3892,3,0.3210,0.5332
3894,1,0.2203,0.5656
3895,1,0.2190,0.5648
3897,1,0.2191,0.5665
3898,1,0.2176,0.5669
3898,2,0.3223,0.5364
3899,1,0.2185,0.5671
3900,1,0.2183,0.5664
3900,2,0.3218,0.5380
3901,1,0.2179,0.5678
3902,1,0.2175,0.5677
3902,2,0.3216,0.5367
3903,1,0.2170,0.5655
3903,2,0.3221,0.5357
3904,1,0.3234,0.5375
3905,1,0.3234,0.5375
3906,1,0.2154,0.5468
3907,1,0.2170,0.5371
3908,1,0.2173,0.5384
3909,1,0.2204,0.5368
3910,1,0.2222,0.5385
3911,1,0.3408,0.5377
3911,2,0.2241,0.5366
3912,1,0.3402,0.5379
3913,1,0.3387,0.5394
3914,1,0.3386,0.5415
3916,1,0.2375,0.5359
3949,1,0.5293,0.6826
3950,1,0.5370,0.6862
3953,1,0.2129,0.5595
3954,1,0.2129,0.5595
3955,1,0.2016,0.5620
3956,1,0.3252,0.5572
3956,2,0.1971,0.5634
4003,1,0.4293,0.6919
4004,1,0.4287,0.6794
4009,1,0.4225,0.6983
4010,1,0.4225,0.6983
4045,1,0.4719,0.5677
4046,1,0.4719,0.5677
4064,1,0.8981,0.7475
4065,1,0.7889,0.7489